0400000US01,01,Alabama,3613506,3951,60.1,0.4,55.7,0.4,6.9,0.3,270890,5563,40.9,1.7,30.2,1.7,25.9,2.2,319738,4253,74.7,1.3,64.5,1.5,13.0,1.5,1232170,5952,79.1,0.6,73.6,0.7,6.2,0.4,662648,4059,74.2,0.9,71.4,0.9,3.7,0.4,517689,2189,53.6,1.0,52.0,1.0,2.9,0.5,325859,2454,20.6,1.0,19.7,1.0,4.1,1.0,284512,2171,4.8,0.6,4.6,0.6,4.2,2.3,N,N,N,N,N,N,N,N,2606406,4598,60.6,0.5,57.3,0.5,4.9,0.3,901726,3912,58.4,0.8,50.8,0.8,12.7,0.8,15712,1818,61.9,5.3,57.9,5.2,5.9,2.8,35162,2414,64.8,4.2,61.2,4.0,5.4,2.3,N,N,N,N,N,N,N,N,N,N,N,N,N,N,N,N,29898,2587,54.7,3.8,48.0,3.7,11.5,3.2,74267,1887,71.9,2.8,66.1,3.0,6.8,1.9,2559781,2960,60.4,0.4,57.2,0.5,4.9,0.3,2732245,4284,72.5,0.4,67.9,0.4,5.9,0.3,1333414,3805,78.9,0.6,74.3,0.6,5.1,0.3,1398831,3183,66.5,0.6,61.8,0.5,6.9,0.4,(X),(X),(X),(X),(X),(X),(X),(X),387094,11614,46.4,1.4,34.7,1.3,25.2,1.9,490336,10276,35.5,1.1,31.3,1.0,11.7,1.4,2412507,4735,72.3,0.5,68.4,0.5,5.0,0.3,383902,10107,52.1,1.1,46.4,1.2,10.9,1.2,783162,13575,70.4,0.9,66.2,0.9,5.8,0.5,695141,11891,76.4,0.7,72.6,0.8,4.5,0.4,550302,10981,83.8,0.8,81.5,0.8,2.0,0.3,2.8,(X),(X),(X),(X),(X),(X),(X)
0400000US02,02,Alaska,512833,1465,71.8,0.9,62.9,1.2,9.4,0.8,46730,2116,53.6,3.5,37.3,3.6,28.3,5.4,50473,1966,81.1,3.3,61.5,3.8,16.6,3.1,194526,2774,82.5,1.4,72.8,1.9,7.7,1.3,109113,2132,82.2,1.7,76.4,1.9,6.7,1.3,67956,1154,64.8,2.8,61.3,2.7,5.4,2.0,26117,854,24.8,3.5,23.9,3.6,3.6,2.3,17918,998,8.0,2.6,7.6,2.6,5.0,6.4,N,N,N,N,N,N,N,N,365708,2286,73.8,1.1,65.8,1.4,7.2,0.9,16636,1172,74.0,6.7,63.9,9.5,11.1,9.2,64630,2232,57.8,2.1,45.3,2.5,21.6,3.1,24204,1409,77.8,3.5,74.0,4.1,4.4,1.8,N,N,N,N,N,N,N,N,N,N,N,N,N,N,N,N,28887,3014,70.6,4.2,57.3,4.4,17.8,5.2,25557,945,75.8,4.0,62.3,5.1,11.1,4.6,354538,1222,73.5,1.1,65.6,1.4,7.3,0.9,422068,2037,79.4,1.0,70.5,1.3,8.2,0.8,218759,1638,84.3,1.2,72.4,1.7,9.3,1.1,203309,1461,74.1,1.4,68.5,1.7,6.8,1.0,(X),(X),(X),(X),(X),(X),(X),(X),40130,3567,56.1,3.9,40.3,4.4,28.1,5.3,60018,3831,55.7,3.7,46.7,4.0,15.8,3.4,371595,2431,79.2,1.0,71.7,1.3,7.1,0.8,31928,3118,64.5,4.9,53.5,4.8,17.1,4.3,106678,4740,76.5,2.1,67.6,2.4,10.5,1.9,130836,4835,80.5,1.8,72.2,2.1,6.3,1.1,102153,4663,84.9,1.5,81.2,1.8,2.3,1.1,1.7,(X),(X),(X),(X),(X),(X),(X)
0400000US04,04,Arizona,4717049,3806,62.6,0.4,59.2,0.3,4.9,0.2,343556,4412,45.3,1.5,38.0,1.5,15.7,1.6,420118,4153,75.3,1.2,68.0,1.4,8.0,1.0,1757377,3871,80.4,0.6,76.4,0.6,4.3,0.4,787098,2475,78.3,0.8,75.7,0.9,3.2,0.4,619149,1506,57.5,1.1,55.6,1.1,3.2,0.5,405034,1669,19.4,0.9,18.8,0.9,3.0,0.8,384717,1758,4.7,0.5,4.6,0.5,2.7,1.2,N,N,N,N,N,N,N,N,3728344,13857,62.2,0.4,59.2,0.4,4.3,0.3,152132,3082,64.9,2.3,60.0,2.2,6.0,1.3,194365,4824,52.6,2.0,46.3,2.0,11.8,1.7,116395,1661,66.5,2.4,64.0,2.4,3.5,1.1,N,N,N,N,N,N,N,N,440117,13012,67.9,1.2,63.5,1.2,6.4,0.8,77659,4971,65.2,2.9,58.5,2.8,9.9,2.2,1191800,2528,67.1,0.7,63.1,0.7,5.7,0.5,3026047,3080,61.3,0.4,58.4,0.4,4.1,0.3,3583742,3204,75.4,0.4,71.7,0.4,4.3,0.3,1815215,2223,82.8,0.4,78.8,0.5,4.0,0.3,1768527,2409,67.8,0.7,64.4,0.7,4.8,0.4,(X),(X),(X),(X),(X),(X),(X),(X),446356,14293,47.4,1.6,39.0,1.6,17.2,1.7,417242,10273,42.4,1.2,37.6,1.1,11.3,1.5,3163624,3823,75.4,0.4,72.2,0.5,3.8,0.3,477741,11462,62.8,1.2,58.1,1.3,7.5,0.9,814967,17889,72.7,0.9,69.3,0.9,4.3,0.5,1036705,16488,77.3,0.7,74.2,0.8,3.5,0.4,834211,16019,82.8,0.8,80.5,0.7,2.3,0.3,2.6,(X),(X),(X),(X),(X),(X),(X)
0400000US05,05,Arkansas,2199028,3350,61.5,0.4,56.9,0.5,7.0,0.4,161464,4621,48.1,1.8,36.6,1.9,23.7,2.5,190239,3773,75.2,1.8,66.0,1.9,11.1,1.4,750685,4751,80.1,0.7,74.4,0.8,6.3,0.6,390827,2945,76.5,1.0,73.0,1.1,4.5,0.6,316953,2073,55.9,1.3,53.9,1.3,3.6,0.7,203152,1378,22.1,1.1,21.3,1.1,3.8,1.2,185708,1443,4.8,0.6,4.6,0.6,3.3,2.5,N,N,N,N,N,N,N,N,1770693,4959,61.3,0.5,57.5,0.5,5.6,0.4,318375,3310,61.3,1.5,52.2,1.5,14.8,1.3,17549,1663,55.5,6.3,51.8,6.4,5.4,2.5,21378,1544,67.6,4.5,63.2,5.3,4.2,3.3,N,N,N,N,N,N,N,N,45369,4055,75.1,3.8,70.5,4.0,6.2,2.5,24096,2638,52.4,4.7,47.0,4.4,9.4,3.9,90175,1599,73.8,2.5,68.1,2.9,7.5,2.0,1729667,2284,61.0,0.5,57.3,0.5,5.5,0.4,1648704,3698,74.0,0.5,69.2,0.6,6.0,0.4,816582,3096,79.5,0.8,74.4,0.9,5.5,0.4,832122,2805,68.7,0.8,64.0,0.8,6.6,0.5,(X),(X),(X),(X),(X),(X),(X),(X),245095,8720,50.5,1.8,39.2,1.8,22.1,2.0,319172,9342,39.9,1.2,34.9,1.2,12.4,1.5,1458465,3742,73.9,0.6,69.6,0.6,5.4,0.4,226001,6605,56.6,1.7,50.8,1.7,10.2,1.5,535354,10051,72.7,0.9,68.2,0.9,6.0,0.7,407600,8873,77.4,0.9,73.3,1.1,4.5,0.6,289510,7622,84.6,1.0,81.5,1.2,3.0,0.6,2.4,(X),(X),(X),(X),(X),(X),(X)
0400000US06,06,California,28014513,10333,64.5,0.1,59.8,0.1,6.6,0.1,2183461,11755,39.4,0.6,30.0,0.5,22.6,0.8,2697878,5757,73.4,0.5,64.0,0.5,10.4,0.4,10757296,7373,79.5,0.2,74.4,0.2,5.8,0.2,5017599,5050,78.9,0.3,75.1,0.3,4.8,0.2,3430449,3250,62.3,0.4,59.7,0.4,4.2,0.2,2002937,3328,23.3,0.5,22.3,0.5,4.6,0.5,1924893,2660,5.2,0.2,4.9,0.2,4.4,0.9,27332664,18622,64.5,0.1,59.8,0.1,6.5,0.1,17271624,41807,64.2,0.2,59.9,0.2,5.9,0.1,1700902,9920,60.5,0.7,52.7,0.7,11.6,0.6,212492,7916,61.1,1.8,52.9,2.0,12.2,1.7,3650045,10627,63.4,0.3,59.7,0.3,5.5,0.3,100653,3383,65.6,3.0,59.7,3.1,8.5,2.2,4396948,38799,67.9,0.4,62.4,0.4,7.7,0.3,681849,15977,65.7,1.0,58.3,1.1,10.3,0.8,8934918,6717,67.2,0.2,61.8,0.2,7.8,0.2,13033221,9997,63.4,0.2,59.5,0.2,5.3,0.1,21903222,6540,76.0,0.2,71.0,0.2,5.9,0.1,11104261,5417,83.3,0.2,77.8,0.2,5.5,0.1,10798961,4487,68.4,0.3,64.0,0.3,6.3,0.2,(X),(X),(X),(X),(X),(X),(X),(X),2473592,38413,49.2,0.5,38.7,0.5,21.4,0.7,2322720,26948,42.2,0.6,36.9,0.5,12.5,0.6,19205344,6412,76.3,0.2,71.9,0.2,5.3,0.1,3573815,32818,64.8,0.4,59.1,0.4,8.8,0.3,4350029,39489,73.2,0.4,68.2,0.4,6.4,0.2,5492975,35285,78.1,0.3,73.6,0.3,4.9,0.2,5788525,32571,84.1,0.2,81.1,0.2,3.2,0.1,2.7,(X),(X),(X),(X),(X),(X),(X)
0400000US08,08,Colorado,3712889,4084,70.0,0.4,65.5,0.4,5.5,0.2,256659,4312,51.2,1.5,40.2,1.5,19.9,1.8,337730,4063,79.7,1.3,69.9,1.4,9.1,1.1,1431521,4901,83.5,0.4,79.0,0.5,4.5,0.3,720742,3534,82.7,0.7,79.1,0.8,4.2,0.4,489352,1960,66.8,1.0,64.3,1.0,3.7,0.5,256742,1995,26.3,1.1,25.6,1.1,2.6,0.9,220143,1749,5.7,0.7,5.6,0.7,1.3,1.2,N,N,N,N,N,N,N,N,3131383,10150,70.1,0.4,66.0,0.4,4.9,0.2,133385,3286,69.6,2.1,61.5,2.2,9.7,1.5,33355,2850,66.7,3.6,58.7,4.1,11.0,3.2,104209,2663,70.1,2.5,64.8,2.6,6.3,2.0,N,N,N,N,N,N,N,N,241644,9387,70.3,1.4,64.0,1.5,8.5,1.3,65740,4730,69.6,3.3,61.9,3.2,10.1,2.6,638194,1952,69.3,1.0,63.5,1.0,7.9,0.9,2766912,3064,70.2,0.4,66.3,0.4,4.6,0.2,2979345,4093,80.1,0.4,75.6,0.4,4.8,0.2,1521088,3059,86.1,0.5,81.0,0.6,4.5,0.3,1458257,3060,73.9,0.6,69.9,0.6,5.2,0.3,(X),(X),(X),(X),(X),(X),(X),(X),315820,10183,54.3,1.8,44.0,1.8,19.1,1.8,317651,9599,52.6,1.6,46.1,1.5,12.0,1.3,2641615,4503,80.2,0.4,76.3,0.4,4.3,0.2,282687,8981,65.4,1.5,59.7,1.4,8.7,1.2,616561,12780,77.7,0.8,73.1,0.8,5.6,0.5,793102,13088,81.4,0.7,77.3,0.7,4.2,0.4,949265,10449,85.2,0.4,82.4,0.6,2.6,0.3,2.4,(X),(X),(X),(X),(X),(X),(X)
0400000US09,09,Connecticut,2786887,3320,67.7,0.4,63.3,0.4,6.2,0.3,197895,3495,49.5,1.6,39.0,1.5,21.0,2.2,221481,2231,76.7,1.5,68.1,1.8,10.4,1.3,953472,2598,83.6,0.6,78.6,0.6,5.5,0.3,551480,1895,84.4,0.8,80.9,0.8,4.1,0.4,392094,1173,69.9,1.1,66.8,1.3,4.4,0.6,225872,1329,29.3,1.3,28.1,1.3,4.1,0.9,244593,1239,6.5,0.7,6.2,0.7,4.0,1.9,N,N,N,N,N,N,N,N,2273924,7919,66.9,0.4,63.2,0.4,5.2,0.3,246247,3603,70.4,1.7,62.6,1.8,11.0,1.3,N,N,N,N,N,N,N,N,91850,1602,69.7,2.0,67.2,2.1,3.4,1.1,N,N,N,N,N,N,N,N,134052,7573,74.1,2.4,65.3,2.6,11.9,1.8,34341,3742,68.9,3.7,58.6,4.2,14.1,3.7,278124,1073,70.1,1.5,62.0,1.6,11.3,1.4,2135655,4130,66.9,0.4,63.3,0.4,5.0,0.3,2118527,1859,80.6,0.4,75.9,0.4,5.4,0.2,1044637,1543,86.1,0.5,81.0,0.7,5.3,0.4,1073890,1739,75.2,0.6,71.0,0.6,5.5,0.4,(X),(X),(X),(X),(X),(X),(X),(X),156113,7304,49.7,2.4,35.8,2.4,28.0,3.0,217644,7646,48.6,1.9,42.8,1.8,11.9,1.6,1897046,2343,81.0,0.5,76.8,0.5,4.9,0.2,164933,5806,65.1,1.7,58.1,1.9,10.7,1.7,542167,11530,79.0,0.8,74.5,0.9,5.6,0.6,496382,8876,82.9,0.9,77.6,1.0,5.8,0.5,693564,11859,85.1,0.7,82.6,0.7,2.6,0.3,2.7,(X),(X),(X),(X),(X),(X),(X)
0400000US10,10,Delaware,672673,1518,64.7,0.8,60.5,0.9,5.9,0.7,48474,1492,48.4,3.5,38.2,3.4,20.8,5.1,57887,1212,74.4,3.3,65.4,3.6,10.9,2.4,235093,1653,83.6,1.1,78.9,1.3,4.8,0.9,122004,1257,81.0,1.8,77.4,1.9,4.2,1.0,94661,736,60.7,2.4,59.1,2.4,2.7,0.8,60623,854,20.8,2.2,19.5,2.1,6.5,2.5,53931,588,5.6,1.8,5.4,1.8,2.9,3.4,N,N,N,N,N,N,N,N,499777,2673,64.1,0.9,60.5,0.9,5.2,0.7,131659,1294,66.4,2.0,60.2,2.4,8.6,1.9,N,N,N,N,N,N,N,N,18518,888,63.4,6.3,59.7,6.2,2.9,2.6,N,N,N,N,N,N,N,N,N,N,N,N,N,N,N,N,N,N,N,N,N,N,N,N,35370,421,67.1,4.1,63.2,4.0,5.3,2.3,481074,1101,64.1,0.9,60.5,0.9,5.2,0.7,509645,1087,77.7,0.9,73.3,1.1,5.0,0.6,248729,840,83.1,1.1,77.8,1.3,5.5,0.9,260916,1007,72.5,1.5,69.0,1.6,4.5,0.7,(X),(X),(X),(X),(X),(X),(X),(X),48946,4150,47.9,3.5,38.4,3.5,19.6,4.4,65606,4126,44.8,3.9,38.0,3.5,14.6,3.4,451758,1199,78.1,1.0,74.3,1.0,4.3,0.6,52401,4161,60.6,3.8,56.0,3.3,7.6,2.9,150509,5504,75.4,1.8,70.4,2.0,6.3,1.3,117247,5000,81.5,1.5,77.5,1.7,3.6,0.7,131601,5370,85.1,1.4,83.3,1.5,1.9,0.6,2.5,(X),(X),(X),(X),(X),(X),(X)
0400000US11,11,District of Columbia,479776,1126,66.8,1.1,60.1,0.9,8.5,0.9,32873,2008,30.6,4.4,21.5,3.7,25.8,5.5,51273,1638,71.2,3.6,57.4,3.7,13.9,3.5,189166,1038,84.5,1.3,76.7,1.5,8.0,1.3,75160,798,80.9,2.5,73.7,2.5,8.5,1.5,59849,395,64.7,3.1,62.2,3.0,3.7,1.6,36338,727,32.2,3.2,31.5,3.1,2.2,1.9,35117,654,8.1,2.2,7.9,2.2,2.3,3.8,N,N,N,N,N,N,N,N,181272,2495,77.5,1.6,73.2,1.4,2.4,0.6,251077,1929,57.1,1.7,48.5,1.5,14.7,1.8,N,N,N,N,N,N,N,N,17966,468,78.7,4.8,73.4,5.8,5.4,4.7,N,N,N,N,N,N,N,N,N,N,N,N,N,N,N,N,N,N,N,N,N,N,N,N,37917,231,77.8,3.7,72.1,4.4,6.1,2.8,166859,515,77.7,1.7,73.5,1.5,2.2,0.6,375448,1730,78.8,1.2,71.1,1.1,8.2,1.0,177516,1155,80.7,1.6,72.1,1.7,8.7,1.2,197932,1382,77.0,1.7,70.3,1.7,7.8,1.5,(X),(X),(X),(X),(X),(X),(X),(X),57290,4446,44.4,3.9,26.9,3.2,39.4,6.4,40518,3569,42.9,4.6,33.9,4.1,21.1,4.5,324175,823,80.0,1.2,73.3,1.2,7.5,0.9,42082,3419,55.7,4.4,46.0,4.3,16.5,3.8,64372,3983,72.6,3.6,61.7,3.4,14.7,2.9,57389,3801,79.2,3.0,70.9,3.3,9.0,2.1,160332,4313,89.6,1.3,86.0,1.4,3.2,0.9,5.2,(X),(X),(X),(X),(X),(X),(X)
0400000US12,12,Florida,14547170,7173,61.0,0.2,57.4,0.2,5.5,0.1,932643,8845,44.3,1.1,35.3,0.9,19.2,0.9,1154089,6869,76.3,0.7,67.7,0.9,9.7,0.7,4850011,7463,82.0,0.3,77.8,0.3,4.5,0.2,2534472,5466,79.1,0.4,76.0,0.5,3.7,0.2,2041838,3269,59.3,0.6,56.8,0.6,4.1,0.3,1452008,3505,21.6,0.6,20.6,0.6,4.6,0.5,1582109,3482,5.0,0.3,4.8,0.3,4.1,0.8,N,N,N,N,N,N,N,N,11390279,20220,59.5,0.2,56.3,0.2,4.7,0.1,2026165,9343,65.1,0.6,58.9,0.6,9.1,0.5,46122,4350,58.6,4.1,54.2,4.2,6.9,2.6,315762,3831,67.2,1.3,63.6,1.3,4.6,0.8,N,N,N,N,N,N,N,N,571035,17997,73.3,1.2,68.1,1.2,6.5,0.7,191180,8789,65.8,1.8,60.2,1.9,7.3,1.3,2785005,3425,66.9,0.4,63.1,0.5,5.4,0.3,9279626,6967,58.1,0.2,55.1,0.2,4.6,0.2,10580410,6116,76.3,0.2,72.2,0.2,4.8,0.1,5266858,6526,82.3,0.3,77.9,0.3,4.4,0.2,5313552,5656,70.4,0.3,66.6,0.3,5.3,0.2,(X),(X),(X),(X),(X),(X),(X),(X),1156220,22213,48.1,0.9,38.6,0.9,19.6,1.0,1335149,20283,43.6,0.7,39.0,0.8,10.3,0.7,9426321,7485,76.3,0.2,72.8,0.2,4.2,0.1,1227164,23189,62.7,0.9,58.5,0.9,6.7,0.5,2842571,29882,74.3,0.5,70.5,0.5,4.9,0.3,2840372,25967,78.5,0.4,74.9,0.4,4.0,0.2,2516214,27893,82.7,0.3,79.8,0.4,2.8,0.2,3.2,(X),(X),(X),(X),(X),(X),(X)
0400000US13,13,Georgia,7187358,5814,66.2,0.3,60.7,0.3,6.9,0.2,567386,8431,43.0,1.2,30.8,1.2,25.3,1.8,651722,6830,74.2,1.1,61.6,1.2,13.3,0.9,2811312,9672,81.7,0.4,75.9,0.5,5.9,0.3,1316787,5915,78.5,0.6,74.8,0.6,4.5,0.4,933272,3682,60.1,0.7,57.8,0.7,3.8,0.4,505861,3785,22.9,0.9,22.2,0.9,3.1,0.7,401018,2928,5.1,0.5,4.9,0.5,2.7,1.6,N,N,N,N,N,N,N,N,4611533,9672,65.7,0.3,61.6,0.3,4.9,0.2,2051452,6532,66.0,0.7,57.7,0.6,11.9,0.5,16745,2288,55.2,6.1,48.2,5.9,3.8,2.7,200944,3066,65.7,1.6,62.2,1.6,4.5,0.9,N,N,N,N,N,N,N,N,241733,9379,76.5,1.8,71.2,2.0,5.9,1.3,61608,4843,65.4,2.8,55.5,2.9,10.5,2.8,467566,2901,75.1,1.1,69.8,1.2,5.8,0.9,4397743,4760,65.3,0.3,61.2,0.3,4.8,0.3,5713093,8131,76.6,0.3,71.1,0.3,6.1,0.2,2837085,5677,82.8,0.3,76.8,0.4,5.4,0.3,2876008,6304,70.4,0.4,65.4,0.4,6.9,0.3,(X),(X),(X),(X),(X),(X),(X),(X),686879,17761,50.1,1.2,37.9,1.2,24.3,1.3,718494,12668,41.0,1.0,35.5,0.9,12.9,1.0,5061371,9451,76.9,0.3,72.3,0.3,5.2,0.2,761714,14659,59.6,0.9,53.8,1.0,9.7,0.8,1528527,18967,74.1,0.6,69.3,0.6,6.0,0.5,1345059,16548,81.2,0.6,75.8,0.7,5.1,0.4,1426071,17868,85.1,0.5,82.0,0.5,2.9,0.3,3.3,(X),(X),(X),(X),(X),(X),(X)
0400000US15,15,Hawaii,1023610,1945,66.0,0.6,59.6,0.7,4.4,0.5,68521,2450,43.1,2.7,32.4,2.9,14.4,3.3,92070,1794,78.7,2.1,59.0,2.7,8.6,2.3,356655,1806,84.3,1.0,75.4,1.3,4.3,0.7,183025,1407,82.6,1.5,80.0,1.4,2.5,0.5,144327,832,66.4,1.9,64.2,1.9,2.8,0.9,84757,584,25.5,2.3,25.2,2.2,1.5,1.1,94255,874,5.0,1.0,4.8,1.0,3.7,3.1,N,N,N,N,N,N,N,N,288174,2302,68.7,1.1,58.0,1.3,3.8,0.6,22096,1635,76.9,5.2,46.4,7.5,11.5,7.2,N,N,N,N,N,N,N,N,439886,6842,61.7,1.0,59.3,1.0,3.0,0.5,84131,2922,66.6,2.8,62.8,2.9,4.2,1.3,12163,1899,79.3,4.8,60.4,6.4,9.8,5.4,173357,8302,70.0,1.8,63.3,2.0,7.5,1.5,67063,432,72.2,2.2,61.0,2.7,8.5,2.3,270493,816,68.6,1.1,57.8,1.2,3.8,0.6,776077,1744,79.9,0.7,72.5,0.9,4.0,0.5,393617,1250,85.0,0.9,74.0,1.1,4.6,0.7,382460,1336,74.6,1.0,70.8,1.1,3.5,0.6,(X),(X),(X),(X),(X),(X),(X),(X),62919,4924,45.4,4.1,34.7,3.9,23.2,4.7,74412,4650,47.5,2.5,41.7,2.6,10.6,2.9,684007,1460,80.0,0.8,74.3,0.9,3.5,0.4,48261,4359,61.3,3.7,55.8,3.9,8.1,2.4,193168,6548,75.9,1.4,70.4,1.5,4.8,1.0,223637,6239,81.7,1.2,74.9,1.5,3.5,0.8,218941,6299,86.1,1.1,81.1,1.2,1.8,0.5,3.5,(X),(X),(X),(X),(X),(X),(X)
0400000US16,16,Idaho,1115916,2107,65.8,0.5,61.9,0.5,5.3,0.4,88760,2903,55.7,2.2,45.4,2.3,18.2,2.4,107953,2359,80.2,1.8,72.7,2.1,7.3,1.7,392131,2824,81.0,1.0,76.7,1.1,4.4,0.6,204603,2191,81.0,1.4,78.0,1.6,3.4,0.7,153078,1251,60.6,1.8,58.5,1.8,3.3,0.8,89464,1145,21.2,1.9,20.4,1.8,3.8,1.9,79927,736,4.7,1.0,4.6,1.0,3.6,4.6,N,N,N,N,N,N,N,N,1041514,3508,65.7,0.5,61.9,0.5,5.0,0.4,N,N,N,N,N,N,N,N,11792,1435,61.1,5.8,50.6,6.6,17.3,6.5,N,N,N,N,N,N,N,N,N,N,N,N,N,N,N,N,26149,3329,74.3,3.7,69.2,3.6,6.3,2.7,17653,1618,63.6,5.1,53.7,5.3,14.6,5.5,89754,940,69.8,2.4,63.2,2.4,8.9,1.8,982245,1700,65.5,0.5,62.0,0.6,4.7,0.4,857765,2436,77.2,0.6,73.3,0.6,4.3,0.4,435600,2280,84.6,0.7,80.0,0.8,4.2,0.5,422165,1917,69.7,1.1,66.3,1.1,4.6,0.7,(X),(X),(X),(X),(X),(X),(X),(X),97467,4618,57.6,2.6,49.2,2.8,14.4,2.9,113184,4584,46.3,2.3,40.8,2.2,11.2,2.2,749812,2189,76.8,0.7,73.3,0.7,3.9,0.4,81809,4278,61.6,2.8,57.1,2.8,7.3,1.9,217956,6429,74.9,1.3,71.2,1.5,4.7,1.0,265561,6851,77.9,1.1,74.3,1.1,3.7,0.6,184486,5023,84.3,1.1,81.7,1.2,2.2,0.5,1.6,(X),(X),(X),(X),(X),(X),(X)
0400000US17,17,Illinois,9982258,5848,66.7,0.2,61.7,0.2,7.2,0.2,750891,6519,46.8,1.0,35.3,0.8,23.8,1.1,905237,4859,76.2,0.7,66.2,0.8,12.3,0.7,3649441,4688,82.7,0.4,77.3,0.4,6.3,0.2,1846038,3783,82.3,0.4,78.0,0.4,5.2,0.3,1298278,2422,64.9,0.7,62.1,0.8,4.3,0.4,770024,2079,24.4,0.6,23.3,0.7,4.4,0.7,762349,1821,6.0,0.4,5.7,0.4,3.9,1.2,N,N,N,N,N,N,N,N,7284432,15919,67.3,0.2,63.3,0.2,5.7,0.2,1384961,5658,60.3,0.6,50.3,0.6,16.3,0.7,18081,2003,63.4,4.7,57.6,4.4,8.5,3.8,431721,3494,68.0,1.2,64.1,1.1,5.6,0.8,N,N,N,N,N,N,N,N,756435,15424,70.8,0.9,65.6,1.0,7.4,0.8,104229,6807,69.1,2.1,60.7,2.4,11.3,1.9,1289371,2724,70.8,0.7,65.1,0.7,7.8,0.5,6789953,3941,67.1,0.2,63.2,0.2,5.5,0.2,7698994,4977,78.8,0.2,73.6,0.2,6.4,0.2,3839078,4541,84.7,0.3,79.2,0.3,6.2,0.2,3859916,3638,73.0,0.3,68.1,0.4,6.6,0.2,(X),(X),(X),(X),(X),(X),(X),(X),806948,17275,52.2,0.9,38.2,1.0,26.8,1.3,778204,13019,45.9,0.9,39.0,0.9,14.9,1.2,6793757,4735,79.2,0.2,74.6,0.2,5.6,0.2,833706,15315,61.2,0.8,54.4,0.9,11.1,0.7,1840207,19980,76.3,0.5,70.7,0.5,7.3,0.4,1976019,19167,82.0,0.4,77.2,0.5,5.6,0.3,2143825,19593,86.0,0.4,83.4,0.4,2.9,0.2,2.7,(X),(X),(X),(X),(X),(X),(X)
0400000US18,18,Indiana,4918223,4087,66.3,0.3,61.6,0.3,6.9,0.2,367725,5111,48.8,1.3,38.2,1.4,21.6,1.6,439744,4636,75.0,1.0,66.3,1.1,11.4,1.0,1732036,5430,83.6,0.4,78.1,0.5,6.3,0.3,926792,3598,82.7,0.6,78.7,0.6,4.8,0.4,670934,1979,63.2,0.9,60.7,0.8,3.9,0.4,397244,1605,22.7,0.9,22.1,0.9,2.7,0.7,383748,1478,5.7,0.5,5.4,0.5,5.3,2.0,N,N,N,N,N,N,N,N,4294171,7626,66.4,0.3,62.3,0.3,6.0,0.2,396521,3700,63.4,1.3,53.6,1.5,15.4,1.3,9317,1536,57.8,6.6,49.0,7.6,15.3,8.8,64195,2068,66.3,3.4,61.4,3.8,7.3,2.2,N,N,N,N,N,N,N,N,103272,6071,72.5,2.0,66.3,2.0,8.3,1.8,49664,3607,66.4,3.4,58.7,3.3,11.2,2.9,201711,2329,74.0,1.6,67.4,1.6,8.8,1.2,4201807,4006,66.2,0.3,62.2,0.3,5.9,0.2,3769506,4665,78.7,0.3,73.8,0.4,6.1,0.2,1880236,3863,84.4,0.4,79.0,0.5,6.1,0.4,1889270,3488,73.1,0.6,68.6,0.6,6.1,0.3,(X),(X),(X),(X),(X),(X),(X),(X),415268,12326,52.1,1.2,39.1,1.3,24.8,1.7,490371,11428,45.2,1.0,39.5,0.9,12.5,1.0,3329762,4520,79.2,0.3,74.8,0.4,5.5,0.2,402206,10218,61.0,1.3,54.7,1.3,10.4,0.9,1184906,13628,77.2,0.6,71.9,0.6,6.8,0.5,960418,13799,82.9,0.6,78.4,0.7,5.1,0.4,782232,13542,87.1,0.5,85.0,0.6,2.3,0.3,2.3,(X),(X),(X),(X),(X),(X),(X)
0400000US19,19,Iowa,2352098,2676,69.2,0.3,65.7,0.4,4.9,0.3,178420,3293,59.6,1.6,50.5,1.6,15.3,1.5,221652,3303,82.0,1.2,76.5,1.3,6.6,0.8,754015,3348,87.6,0.5,83.4,0.6,4.6,0.5,441849,2386,86.1,0.6,83.1,0.8,3.4,0.5,320789,1457,68.4,1.1,66.8,1.0,2.3,0.4,205409,1246,29.6,1.2,28.5,1.2,3.9,1.0,229964,888,7.4,0.7,7.3,0.7,1.7,1.1,N,N,N,N,N,N,N,N,2214599,3268,69.1,0.3,65.9,0.4,4.6,0.3,46096,2163,65.2,3.2,56.1,3.4,14.0,2.8,N,N,N,N,N,N,N,N,36099,1901,72.4,3.0,68.7,3.1,5.1,2.3,N,N,N,N,N,N,N,N,30428,3006,76.5,3.5,68.3,4.4,10.7,3.9,18152,2308,68.9,4.5,62.6,5.1,8.8,4.0,72580,1457,74.7,2.5,66.6,2.9,10.8,2.7,2176769,2060,69.0,0.3,65.9,0.4,4.4,0.3,1738305,3349,83.0,0.4,79.4,0.4,4.2,0.3,875396,2269,86.8,0.4,83.0,0.5,4.2,0.4,862909,2470,79.1,0.7,75.7,0.7,4.2,0.4,(X),(X),(X),(X),(X),(X),(X),(X),173859,6461,59.3,1.8,48.4,1.9,18.4,1.9,200647,5550,51.7,1.6,45.7,1.8,11.5,1.6,1516653,3134,83.1,0.4,79.8,0.5,3.9,0.3,121525,5087,65.3,1.9,59.2,1.9,9.3,1.7,495960,7077,80.2,0.6,76.0,0.7,5.1,0.6,490520,9386,85.5,0.8,82.5,0.9,3.4,0.4,408648,9197,89.0,0.7,87.2,0.8,1.8,0.3,2.0,(X),(X),(X),(X),(X),(X),(X)
0400000US20,20,Kansas,2149295,2795,69.2,0.4,64.8,0.4,5.3,0.3,165379,4220,56.9,1.6,46.4,1.4,17.4,1.7,212731,3794,80.9,1.6,71.5,1.7,8.8,1.2,729326,3940,85.1,0.6,80.0,0.7,4.7,0.4,401047,2846,85.2,0.7,82.2,0.8,3.2,0.4,285148,1723,68.4,1.2,66.2,1.3,3.0,0.5,170065,1657,29.5,1.5,28.8,1.4,2.3,0.7,185599,1608,7.4,1.0,7.3,0.9,2.2,1.2,N,N,N,N,N,N,N,N,1863870,5235,69.3,0.4,65.5,0.5,4.6,0.3,114969,2241,65.6,2.4,53.6,2.5,16.3,2.6,19136,1570,67.0,4.9,60.7,5.3,7.0,3.4,47487,1718,72.1,3.6,68.2,3.6,4.8,1.7,N,N,N,N,N,N,N,N,66930,4743,75.3,2.6,69.9,2.8,6.3,2.4,36080,2778,63.5,3.5,57.5,3.6,8.5,2.3,155934,1114,74.8,1.6,69.2,1.8,6.6,1.3,1783963,2019,69.0,0.4,65.3,0.5,4.5,0.3,1628252,4472,81.7,0.4,77.0,0.5,4.6,0.3,820922,3606,86.8,0.5,81.4,0.6,4.5,0.4,807330,2806,76.5,0.6,72.6,0.7,4.7,0.4,(X),(X),(X),(X),(X),(X),(X),(X),177305,6195,59.1,1.9,48.2,1.9,18.0,2.2,194364,6808,51.8,1.6,45.6,1.7,11.8,1.6,1415521,3974,81.8,0.4,77.9,0.5,4.0,0.3,135759,5502,65.6,1.8,58.3,2.1,11.2,1.9,401307,9095,78.6,0.8,74.5,0.8,4.6,0.5,438194,8238,84.2,0.7,80.0,0.8,3.9,0.5,440261,8056,87.3,0.6,84.8,0.8,1.8,0.3,2.0,(X),(X),(X),(X),(X),(X),(X)
0400000US21,21,Kentucky,3322176,3831,61.1,0.4,56.5,0.4,6.9,0.3,232480,5077,46.6,1.6,35.7,1.4,22.2,2.0,276924,4860,75.2,1.4,63.6,1.6,13.9,1.3,1185497,4086,79.7,0.7,74.0,0.8,6.4,0.5,618932,2835,73.3,0.8,70.5,0.8,3.7,0.4,473040,1999,52.3,1.0,50.4,1.0,3.5,0.5,285566,1770,20.2,0.9,19.7,0.9,2.7,0.9,249737,1510,4.5,0.5,4.5,0.5,1.2,1.2,N,N,N,N,N,N,N,N,3000924,4320,60.9,0.4,56.6,0.4,6.5,0.3,232654,3838,63.7,1.5,55.6,1.6,12.2,1.4,7653,1282,48.3,10.1,36.0,9.4,22.1,11.2,31293,1850,66.0,4.1,63.1,4.3,4.0,2.1,N,N,N,N,N,N,N,N,N,N,N,N,N,N,N,N,24570,3179,60.3,5.5,54.0,5.1,8.4,3.3,58248,2690,72.4,2.8,65.0,3.1,7.4,2.2,2967773,3053,60.7,0.4,56.5,0.4,6.5,0.3,2554393,5081,72.6,0.5,67.7,0.5,6.2,0.3,1265753,3948,78.1,0.6,72.6,0.7,6.0,0.4,1288640,3706,67.1,0.6,62.8,0.7,6.4,0.4,(X),(X),(X),(X),(X),(X),(X),(X),377958,12229,42.9,1.5,31.6,1.4,26.2,1.8,499941,11512,33.5,1.2,29.1,1.1,12.7,1.3,2277469,3925,72.3,0.5,68.2,0.6,5.2,0.3,359003,9231,45.4,1.3,40.0,1.4,11.9,1.5,805673,10980,70.7,0.7,66.2,0.8,6.1,0.5,616993,10968,79.9,0.9,75.2,0.9,4.9,0.5,495800,11362,84.7,0.9,82.9,0.9,1.7,0.3,2.1,(X),(X),(X),(X),(X),(X),(X)
0400000US22,22,Louisiana,3324620,4272,61.0,0.4,55.8,0.4,7.8,0.3,270096,6145,43.4,1.7,32.3,1.5,24.6,2.2,320006,4873,71.8,1.5,61.6,1.4,12.5,1.1,1138489,6052,78.7,0.6,72.7,0.6,6.6,0.4,616359,3588,74.4,0.9,69.9,1.0,5.8,0.6,456796,2377,55.7,1.1,52.9,1.0,5.0,0.7,278591,2321,21.0,1.3,20.3,1.2,3.6,0.8,244283,1843,5.2,0.7,5.1,0.7,2.0,1.5,N,N,N,N,N,N,N,N,2214203,4388,61.5,0.4,58.1,0.4,4.8,0.3,984871,3999,59.1,0.9,50.0,1.0,14.9,0.9,17730,1396,56.0,6.9,52.7,7.1,4.3,2.4,45482,1668,66.2,3.7,57.7,4.2,11.7,4.2,N,N,N,N,N,N,N,N,37021,3998,74.7,3.8,69.4,4.8,5.7,2.5,24753,2431,56.8,4.1,51.9,4.5,7.1,2.7,95031,2037,69.0,2.5,63.8,2.8,6.9,1.7,2159044,2714,61.4,0.4,58.0,0.4,4.8,0.3,2531650,5774,72.6,0.5,67.1,0.5,6.9,0.3,1243557,4171,77.9,0.5,71.8,0.6,6.7,0.5,1288093,3925,67.5,0.7,62.4,0.7,7.2,0.5,(X),(X),(X),(X),(X),(X),(X),(X),390801,11194,49.5,1.3,38.1,1.4,22.8,2.0,412286,10952,39.6,1.4,33.5,1.2,15.0,1.5,2211644,6059,72.7,0.5,67.8,0.5,6.2,0.3,378420,10536,53.1,1.5,46.2,1.4,12.9,1.6,786013,13079,71.9,0.9,66.8,1.0,6.9,0.6,569859,9541,77.1,1.0,72.3,1.1,5.3,0.5,477352,10003,84.3,0.7,81.3,0.7,2.6,0.3,2.9,(X),(X),(X),(X),(X),(X),(X)
0400000US23,23,Maine,1077592,2093,65.5,0.5,61.7,0.6,5.3,0.4,72276,2166,53.5,2.2,43.6,2.1,18.1,2.8,81988,1313,80.3,2.3,70.8,2.8,9.9,1.8,346081,1333,83.1,0.9,78.5,1.2,4.7,0.6,217754,1193,82.1,1.2,79.1,1.2,3.4,0.6,167059,704,64.4,1.6,62.2,1.6,3.4,0.7,98317,431,22.8,1.9,22.2,1.8,2.7,1.7,94117,311,5.8,0.8,5.7,0.8,2.7,2.5,N,N,N,N,N,N,N,N,1039001,2952,65.7,0.5,61.9,0.6,5.2,0.4,N,N,N,N,N,N,N,N,5861,737,55.2,7.8,48.7,7.6,11.1,5.6,N,N,N,N,N,N,N,N,N,N,N,N,N,N,N,N,N,N,N,N,N,N,N,N,12233,1505,51.2,6.6,46.5,7.1,7.9,4.7,8520,844,67.8,6.6,57.1,7.9,10.0,5.7,1034322,2594,65.7,0.5,61.9,0.6,5.2,0.4,812882,1811,78.7,0.6,74.5,0.7,4.6,0.4,401888,1376,83.9,0.7,78.7,0.9,5.1,0.5,410994,1403,73.6,1.0,70.5,1.0,4.1,0.6,(X),(X),(X),(X),(X),(X),(X),(X),92865,5133,46.2,2.5,37.4,2.7,19.1,2.8,139957,5528,45.4,1.9,40.2,1.8,11.4,1.7,730894,1425,78.5,0.7,75.0,0.8,4.0,0.4,55926,3821,57.0,3.0,50.8,3.1,10.9,2.3,265124,6766,75.2,1.1,70.9,1.3,5.3,0.8,209976,6036,80.9,1.1,77.8,1.2,3.0,0.5,199868,5948,86.4,0.9,84.1,1.0,2.3,0.5,1.4,(X),(X),(X),(X),(X),(X),(X)
0400000US24,24,Maryland,4419589,3757,69.2,0.3,65.1,0.3,5.3,0.3,330779,4255,46.5,1.3,37.7,1.4,18.6,1.7,371298,3263,79.8,1.2,69.9,1.4,11.3,1.0,1598770,4890,85.4,0.4,80.7,0.5,4.4,0.3,860739,3309,83.7,0.6,80.8,0.6,3.2,0.4,610671,1658,67.8,1.0,65.5,1.0,3.3,0.4,341696,1962,26.5,1.1,25.6,1.1,3.1,0.9,305636,1904,6.1,0.6,6.0,0.5,1.3,0.9,N,N,N,N,N,N,N,N,2780903,7765,68.8,0.3,65.7,0.4,3.6,0.2,1234156,5103,69.3,0.6,62.7,0.7,9.0,0.6,10195,1390,57.4,7.2,49.6,6.7,11.8,5.7,223040,2577,70.1,1.3,67.0,1.2,4.1,0.8,N,N,N,N,N,N,N,N,110909,7840,76.8,2.2,71.4,2.4,6.3,1.5,57478,4311,72.6,2.9,65.9,3.2,8.3,2.2,241267,1637,77.2,1.3,71.7,1.6,6.1,1.1,2662817,2558,68.4,0.3,65.5,0.4,3.5,0.2,3441478,3064,81.3,0.3,76.9,0.4,4.7,0.3,1666028,2180,85.6,0.4,80.8,0.5,4.5,0.3,1775450,2221,77.1,0.5,73.1,0.5,4.9,0.3,(X),(X),(X),(X),(X),(X),(X),(X),227854,8839,48.5,2.0,35.6,2.0,26.5,2.5,354141,10009,49.6,1.4,43.5,1.4,11.7,1.2,3070180,4116,81.4,0.3,77.7,0.4,3.9,0.3,305819,9441,63.2,1.5,57.7,1.7,8.6,1.3,796911,14452,78.6,0.7,73.9,0.9,5.6,0.7,822487,15986,83.6,0.6,79.6,0.8,3.7,0.5,1144963,15772,86.8,0.5,84.3,0.5,2.0,0.2,2.7,(X),(X),(X),(X),(X),(X),(X)
0400000US25,25,Massachusetts,5162519,3266,67.3,0.3,63.4,0.3,5.8,0.2,362985,4223,47.8,1.3,38.8,1.2,18.8,1.2,453973,3324,73.9,1.2,65.7,1.3,10.8,0.8,1810005,4357,84.2,0.5,80.0,0.5,4.8,0.3,972639,2829,84.7,0.6,81.2,0.6,4.1,0.4,706031,1589,69.2,0.8,66.4,0.8,4.0,0.4,412051,1777,25.8,0.9,24.8,0.8,3.9,0.7,444835,1652,5.4,0.5,5.3,0.5,3.2,1.3,N,N,N,N,N,N,N,N,4345054,10240,67.2,0.3,63.7,0.3,5.1,0.2,291044,4614,66.8,1.5,58.4,1.5,12.3,1.2,12359,1962,56.5,7.7,48.0,8.8,15.1,9.1,247107,2712,68.0,1.8,64.2,1.9,5.5,1.0,N,N,N,N,N,N,N,N,201892,9701,69.4,1.9,63.0,2.0,9.1,1.5,62717,5036,69.1,2.6,62.4,3.1,9.6,2.5,362244,1246,67.4,1.2,60.8,1.3,9.6,1.1,4184181,5636,67.2,0.3,63.8,0.3,4.9,0.2,3942648,3039,80.5,0.3,76.2,0.4,5.1,0.2,1933867,2786,85.0,0.4,80.2,0.5,5.4,0.3,2008781,1899,76.1,0.4,72.4,0.5,4.8,0.3,(X),(X),(X),(X),(X),(X),(X),(X),346672,11333,45.7,1.6,34.5,1.4,24.4,1.8,434552,10954,45.4,1.3,39.2,1.3,13.5,1.4,3488675,3664,81.3,0.3,77.6,0.4,4.4,0.2,320137,10507,60.6,1.4,55.1,1.4,9.0,1.1,912491,14434,78.5,0.6,73.9,0.8,5.7,0.5,832785,13434,83.0,0.6,78.6,0.7,5.0,0.5,1423262,16675,86.7,0.5,84.3,0.5,2.7,0.2,3.4,(X),(X),(X),(X),(X),(X),(X)
0400000US26,26,Michigan,7927727,4789,63.9,0.2,57.7,0.3,9.5,0.2,602599,5700,47.8,1.0,34.0,0.9,28.9,1.3,686462,3635,77.4,0.8,65.2,0.9,15.5,0.8,2731234,4478,82.0,0.4,74.9,0.4,8.5,0.3,1536628,3794,79.6,0.4,74.3,0.5,6.6,0.4,1110437,2041,56.8,0.7,53.6,0.7,5.7,0.4,640733,2277,18.8,0.6,17.8,0.6,5.2,0.8,619634,1705,4.8,0.3,4.5,0.3,4.8,1.7,N,N,N,N,N,N,N,N,6428914,6344,64.6,0.2,59.4,0.2,7.9,0.2,1051026,5194,58.2,0.7,46.8,0.8,19.5,1.0,40345,2420,62.3,3.2,51.6,3.4,17.0,3.4,185002,2437,66.4,1.5,62.3,1.5,6.2,1.1,N,N,N,N,N,N,N,N,120888,6333,67.7,2.5,59.8,2.5,11.6,2.1,100496,5013,64.9,2.3,54.1,2.2,16.3,2.2,267752,1786,68.5,1.5,60.3,1.4,11.7,1.4,6297534,4006,64.6,0.2,59.4,0.3,7.8,0.2,6064761,3724,76.3,0.2,69.8,0.3,8.4,0.2,3018932,3097,81.0,0.3,73.7,0.4,8.9,0.3,3045829,3238,71.6,0.3,65.9,0.4,8.0,0.3,(X),(X),(X),(X),(X),(X),(X),(X),731416,15560,52.4,1.0,36.4,0.9,30.5,1.3,835763,13544,40.8,0.8,33.3,0.7,18.4,0.9,5378299,4356,76.1,0.2,70.3,0.3,7.5,0.2,523765,10909,55.3,1.0,45.9,1.1,17.1,1.3,1668148,15000,71.9,0.5,64.6,0.5,10.1,0.4,1758730,16660,79.6,0.4,74.0,0.5,6.9,0.3,1427656,16824,84.4,0.4,81.5,0.5,3.4,0.3,2.4,(X),(X),(X),(X),(X),(X),(X)
0400000US27,27,Minnesota,4059085,3261,71.2,0.3,67.4,0.3,5.2,0.2,300228,4101,56.8,1.1,47.2,1.2,16.9,1.1,371409,2647,83.9,1.0,75.7,1.0,9.6,0.8,1429266,3093,87.3,0.4,83.6,0.4,4.1,0.3,795187,2258,86.5,0.5,83.4,0.6,3.5,0.3,534890,1391,69.7,0.7,67.1,0.7,3.6,0.4,311051,1290,26.3,0.8,25.6,0.8,2.6,0.7,317054,1039,5.6,0.4,5.4,0.4,4.1,1.9,N,N,N,N,N,N,N,N,3639625,5940,71.4,0.2,68.0,0.3,4.6,0.2,155224,2727,71.1,1.8,59.5,2.1,16.2,2.0,38103,1687,59.6,3.2,51.2,3.6,14.0,3.1,129148,2161,69.1,2.2,65.7,2.3,4.9,1.0,N,N,N,N,N,N,N,N,56730,5148,74.9,3.1,69.6,3.1,7.0,1.9,39426,2942,70.2,3.6,64.1,3.8,8.4,2.5,127912,1071,74.4,2.0,68.5,2.0,7.9,1.4,3571965,3275,71.3,0.3,68.0,0.3,4.6,0.2,3130752,2745,83.7,0.3,79.8,0.4,4.6,0.2,1579826,2229,87.5,0.4,83.1,0.4,4.9,0.3,1550926,2542,79.8,0.5,76.4,0.5,4.2,0.3,(X),(X),(X),(X),(X),(X),(X),(X),270682,7770,58.4,1.4,46.9,1.5,19.5,1.6,320481,7429,54.5,1.1,47.9,1.2,12.1,1.1,2759343,2750,83.7,0.3,80.3,0.4,3.9,0.2,178150,6007,66.2,2.0,58.9,1.8,11.0,1.3,726844,11247,80.1,0.6,75.9,0.7,5.2,0.4,939526,10219,85.9,0.4,82.7,0.5,3.6,0.3,914823,12796,87.6,0.5,85.7,0.6,2.1,0.2,1.9,(X),(X),(X),(X),(X),(X),(X)
0400000US28,28,Mississippi,2238711,2957,59.7,0.5,53.9,0.5,8.9,0.4,184030,5447,43.4,1.8,29.8,1.8,30.8,2.8,214999,5294,70.3,1.8,56.0,2.1,18.2,2.1,765968,5184,77.4,0.8,71.1,1.0,7.3,0.6,405857,3525,73.8,1.1,69.5,1.2,5.7,0.7,307164,2306,53.4,1.6,51.6,1.7,3.4,0.7,192151,2763,20.5,1.4,19.8,1.3,3.2,1.4,168542,2423,5.3,0.9,5.2,0.9,2.0,2.2,N,N,N,N,N,N,N,N,1400128,2958,60.3,0.6,56.4,0.6,5.6,0.4,786216,3744,58.5,0.9,49.3,1.0,15.2,1.0,N,N,N,N,N,N,N,N,18170,1492,65.5,6.8,61.3,6.9,3.0,2.1,N,N,N,N,N,N,N,N,N,N,N,N,N,N,N,N,11984,2014,52.4,6.9,44.0,6.9,12.8,7.0,33332,2199,72.1,4.1,64.9,4.3,7.2,3.3,1382151,2338,60.1,0.6,56.3,0.6,5.5,0.4,1693988,5467,71.3,0.6,65.2,0.7,7.7,0.5,825853,4095,76.3,0.8,69.9,1.0,7.1,0.6,868135,3838,66.6,0.8,60.8,0.8,8.4,0.6,(X),(X),(X),(X),(X),(X),(X),(X),296303,11149,47.4,1.7,34.7,1.3,26.7,2.3,331427,9516,35.3,1.3,30.6,1.4,13.5,1.8,1478989,4826,71.5,0.6,66.6,0.7,6.2,0.4,270165,9150,50.9,1.8,44.3,1.8,13.0,1.6,480386,10441,69.9,1.0,64.7,1.1,7.1,0.9,433160,10062,77.4,1.1,72.5,1.2,5.5,0.7,295278,9698,84.0,1.1,81.2,1.2,2.3,0.5,3.1,(X),(X),(X),(X),(X),(X),(X)
0400000US29,29,Missouri,4590892,4271,65.5,0.3,61.0,0.3,6.3,0.2,336229,4808,51.6,1.3,39.6,1.3,21.9,1.5,405388,3597,80.0,1.0,71.0,1.3,10.1,1.0,1572983,3905,83.2,0.5,78.2,0.5,5.4,0.3,863408,3155,80.2,0.6,76.5,0.6,4.5,0.3,633279,1910,62.0,0.9,59.8,0.9,3.4,0.4,395919,1612,23.3,1.0,22.4,1.0,3.8,0.8,383686,1296,5.9,0.5,5.7,0.5,3.5,1.7,N,N,N,N,N,N,N,N,3920510,5058,65.5,0.3,61.8,0.3,5.2,0.2,484310,3810,64.6,1.0,54.7,1.1,14.7,1.2,17008,1706,61.8,5.4,53.4,5.5,12.8,4.9,66634,1974,69.6,2.8,65.6,3.0,5.2,1.5,N,N,N,N,N,N,N,N,43261,3304,73.7,3.3,66.4,3.7,7.3,2.4,56817,3825,61.3,3.0,55.5,3.3,9.0,2.6,107113,2043,71.4,2.1,64.5,2.3,7.7,1.6,3864001,3448,65.5,0.3,61.8,0.3,5.2,0.2,3475058,4651,78.2,0.3,73.6,0.4,5.4,0.2,1715814,3595,83.2,0.4,78.1,0.5,5.4,0.3,1759244,3445,73.3,0.5,69.2,0.6,5.5,0.3,(X),(X),(X),(X),(X),(X),(X),(X),404463,12741,51.9,1.4,40.1,1.4,22.5,1.4,504104,12366,43.4,0.9,37.7,1.0,13.1,1.3,3069670,4355,78.0,0.4,73.9,0.4,4.8,0.2,357279,9906,58.6,1.3,52.7,1.4,9.9,1.1,1002211,12947,75.2,0.6,70.8,0.7,5.6,0.4,891956,12504,80.9,0.6,76.6,0.7,4.7,0.4,818224,13570,86.7,0.6,84.2,0.6,2.5,0.3,2.2,(X),(X),(X),(X),(X),(X),(X)
0400000US30,30,Montana,754982,1833,65.5,0.6,61.9,0.7,4.8,0.5,56609,2186,49.7,2.8,42.4,2.8,14.1,2.7,67693,1928,77.5,2.4,68.3,2.6,9.7,2.0,232034,2246,84.4,1.0,80.3,1.1,3.7,0.7,152481,1320,82.5,1.0,79.2,1.1,3.8,0.7,114847,1001,62.7,1.8,61.1,1.8,2.5,0.8,67916,863,23.3,2.1,22.5,2.1,3.4,1.4,63402,516,7.6,1.2,7.3,1.1,3.8,3.2,N,N,N,N,N,N,N,N,687375,2072,65.8,0.6,62.8,0.7,3.9,0.4,N,N,N,N,N,N,N,N,41425,2247,60.2,3.3,47.8,3.9,20.6,4.0,N,N,N,N,N,N,N,N,N,N,N,N,N,N,N,N,N,N,N,N,N,N,N,N,12533,1988,70.4,5.8,64.5,6.3,7.0,4.2,14059,1030,61.3,7.5,53.3,7.4,9.0,4.3,680236,1648,65.9,0.6,63.0,0.7,3.8,0.4,567055,1758,78.7,0.7,74.7,0.8,4.3,0.5,286571,1606,82.5,1.1,77.5,1.2,4.8,0.7,280484,1452,74.7,1.1,71.8,1.3,3.7,0.6,(X),(X),(X),(X),(X),(X),(X),(X),70340,4053,56.8,3.1,47.8,3.3,15.7,3.1,85312,4452,50.7,2.7,46.8,2.6,7.7,1.8,499362,1858,78.8,0.7,75.6,0.8,3.5,0.4,36949,2645,58.1,4.0,52.1,4.3,10.2,3.1,151765,4939,77.1,1.5,73.2,1.6,4.7,0.9,164008,4387,79.7,1.3,76.2,1.3,3.4,0.7,146640,5475,84.8,1.4,83.1,1.5,1.5,0.4,2.8,(X),(X),(X),(X),(X),(X),(X)
0400000US31,31,Nebraska,1374925,2181,71.3,0.5,67.5,0.5,4.8,0.3,107032,2622,58.2,1.9,48.1,2.0,17.3,2.1,132025,2648,83.9,1.7,77.0,1.8,7.2,1.2,463622,2592,86.6,0.6,81.9,0.8,4.3,0.5,256350,1709,87.2,0.8,84.5,1.0,2.9,0.5,182621,1235,74.6,1.1,73.0,1.1,2.2,0.6,112624,1012,32.7,1.6,31.6,1.6,3.4,1.1,120651,735,8.2,0.9,8.0,0.9,2.2,1.7,N,N,N,N,N,N,N,N,1237251,3511,71.3,0.5,68.0,0.5,4.0,0.3,50811,1449,70.3,2.8,58.9,3.5,15.9,2.7,9985,1208,64.8,5.5,50.8,7.0,20.9,7.5,23562,1005,74.3,4.8,68.3,5.5,7.3,3.1,N,N,N,N,N,N,N,N,38123,3305,74.9,3.5,69.0,4.0,7.6,2.1,14497,1789,70.5,4.9,60.3,5.2,12.2,4.8,83012,891,74.3,2.2,68.7,2.4,7.0,1.6,1196541,1734,71.2,0.5,67.9,0.5,4.0,0.3,1034618,2321,84.3,0.5,80.3,0.6,4.0,0.3,523257,1829,88.9,0.6,84.5,0.7,4.0,0.4,511361,1731,79.5,0.8,76.1,0.9,4.1,0.5,(X),(X),(X),(X),(X),(X),(X),(X),105145,5592,63.7,2.4,51.6,2.6,18.9,2.4,113854,4830,54.9,2.2,47.7,2.3,12.7,1.9,902593,2074,84.3,0.5,80.8,0.6,3.5,0.3,75424,3887,69.4,2.3,63.3,2.5,8.7,1.9,248118,6798,80.9,1.0,76.9,1.1,4.8,0.7,307455,5924,86.5,0.9,83.1,1.0,3.1,0.5,271596,5930,89.2,0.7,86.8,0.8,1.9,0.4,1.6,(X),(X),(X),(X),(X),(X),(X)
0400000US32,32,Nevada,1931495,2268,67.3,0.5,63.4,0.5,5.2,0.3,129375,3527,43.8,2.3,36.5,2.4,16.4,3.2,157800,2650,77.3,1.9,70.1,1.9,7.7,1.3,754919,4087,83.3,0.8,78.8,0.9,4.5,0.4,340076,1735,80.3,1.1,77.1,1.2,3.8,0.5,274299,1239,62.4,1.5,59.5,1.5,4.6,0.8,156780,1048,25.2,1.6,24.1,1.6,4.3,1.6,118246,1142,7.5,1.2,7.4,1.2,2.2,2.0,N,N,N,N,N,N,N,N,1461849,8652,66.5,0.6,62.9,0.6,4.8,0.3,135017,2234,67.0,2.1,60.3,2.4,8.7,1.7,23685,1686,63.1,4.5,55.9,4.8,10.6,4.2,120849,1950,69.3,1.8,66.2,2.1,4.2,1.2,N,N,N,N,N,N,N,N,141587,7875,73.9,2.2,70.2,2.4,5.1,1.2,39709,4331,70.1,3.7,64.4,3.7,7.3,2.4,408318,1515,72.8,1.2,69.4,1.3,4.6,0.6,1208181,2377,65.3,0.6,61.6,0.7,5.0,0.4,1527094,3032,78.2,0.6,74.0,0.6,4.7,0.3,787390,3362,85.1,0.6,80.2,0.7,4.8,0.4,739704,2617,70.9,0.9,67.5,0.9,4.6,0.4,(X),(X),(X),(X),(X),(X),(X),(X),137623,6743,46.7,2.5,37.8,2.4,19.0,2.8,163287,6433,45.3,2.3,40.6,2.1,10.2,1.6,1369294,3316,78.3,0.6,74.5,0.6,4.3,0.3,206659,6471,71.4,1.9,66.9,2.0,6.4,1.0,426716,10947,76.6,1.3,73.0,1.3,4.4,0.5,443768,10048,80.1,1.0,75.9,1.1,4.5,0.6,292151,8823,83.1,1.0,80.0,1.1,2.9,0.5,2.6,(X),(X),(X),(X),(X),(X),(X)
0400000US33,33,New Hampshire,1055350,1872,70.0,0.5,66.8,0.6,4.5,0.4,76085,2163,52.0,2.4,42.6,2.3,18.1,2.8,82393,1495,79.4,2.3,73.1,2.5,7.7,1.8,362105,2052,85.4,0.9,82.2,1.0,3.4,0.6,217645,1435,86.2,1.0,83.7,1.0,2.9,0.6,155286,1459,71.1,1.6,68.5,1.6,3.7,0.8,83356,728,27.0,2.2,26.2,2.1,2.9,1.5,78480,453,5.3,1.1,5.2,1.1,2.9,3.0,N,N,N,N,N,N,N,N,1008824,2482,69.9,0.5,66.6,0.6,4.4,0.4,N,N,N,N,N,N,N,N,N,N,N,N,N,N,N,N,19697,1115,67.5,4.6,67.0,4.5,0.6,0.7,N,N,N,N,N,N,N,N,N,N,N,N,N,N,N,N,N,N,N,N,N,N,N,N,20639,703,74.8,5.5,66.0,5.5,11.4,4.2,994897,1621,69.9,0.5,66.7,0.6,4.4,0.4,817429,2257,82.3,0.5,79.1,0.6,3.7,0.4,406394,1770,87.5,0.8,84.3,0.9,3.4,0.5,411035,1925,77.1,0.8,73.9,0.8,4.1,0.6,(X),(X),(X),(X),(X),(X),(X),(X),58554,4459,48.9,3.7,41.0,3.9,15.9,3.8,94357,5121,50.2,2.5,45.0,2.4,10.2,2.4,735036,1687,82.6,0.6,79.8,0.6,3.3,0.4,54762,3316,64.0,2.7,59.6,3.0,6.9,2.3,218142,6670,81.1,1.3,78.0,1.3,3.8,0.8,214046,6599,84.4,1.2,81.4,1.3,3.4,0.7,248086,6928,86.5,1.0,84.4,1.0,2.3,0.5,2.5,(X),(X),(X),(X),(X),(X),(X)
0400000US34,34,New Jersey,6880451,4284,66.2,0.2,61.9,0.2,6.3,0.2,471889,5107,41.5,1.1,32.4,1.0,21.9,1.4,537322,3287,73.2,1.2,64.1,1.3,12.2,0.9,2475788,3820,82.9,0.4,78.3,0.5,5.3,0.3,1325391,2457,83.3,0.5,79.4,0.6,4.5,0.3,944456,2156,67.0,0.6,64.2,0.6,4.2,0.3,559820,2392,25.9,0.8,24.6,0.8,4.9,0.8,565785,1900,5.6,0.4,5.3,0.4,5.3,1.7,N,N,N,N,N,N,N,N,4892389,13202,65.4,0.3,61.9,0.3,5.3,0.2,893930,5332,65.2,0.7,57.5,0.8,11.6,0.8,14341,2651,69.5,6.8,63.6,7.3,8.5,4.7,514731,3331,68.7,0.9,65.5,0.9,4.6,0.6,N,N,N,N,N,N,N,N,484906,14141,72.3,1.1,67.3,1.1,6.9,0.7,76142,5535,67.5,2.8,60.0,3.1,11.0,2.7,1008017,1609,70.7,0.8,65.6,0.8,7.1,0.5,4410058,4498,65.0,0.3,61.6,0.3,5.1,0.2,5282957,3895,79.1,0.3,74.6,0.3,5.6,0.2,2613218,2559,84.9,0.3,80.1,0.4,5.5,0.3,2669739,2928,73.5,0.4,69.3,0.5,5.7,0.3,(X),(X),(X),(X),(X),(X),(X),(X),387451,13185,46.3,1.4,33.5,1.3,27.5,1.8,499931,11443,43.4,1.3,38.3,1.2,11.6,1.1,4745635,3816,79.8,0.3,75.8,0.3,4.9,0.2,507076,13056,63.4,1.2,57.3,1.4,9.6,1.0,1362891,17225,77.2,0.6,72.3,0.6,6.2,0.4,1130214,12963,82.3,0.5,78.2,0.6,4.7,0.3,1745454,14480,85.0,0.4,82.3,0.4,3.1,0.2,3.0,(X),(X),(X),(X),(X),(X),(X)
0400000US35,35,New Mexico,1504609,2905,62.7,0.6,58.2,0.7,6.4,0.5,119183,3640,43.4,2.4,34.4,2.4,20.4,3.2,145993,3435,72.5,2.0,62.6,2.1,11.8,2.0,516833,4506,79.7,0.9,74.2,1.0,5.8,0.8,270937,3089,78.5,1.0,75.4,1.1,3.6,0.6,210384,1724,59.5,1.8,57.4,1.7,3.5,0.9,127571,2005,22.6,1.5,22.0,1.5,2.6,1.4,113708,1833,5.9,1.0,5.6,1.0,4.5,3.9,N,N,N,N,N,N,N,N,1053931,8859,62.5,0.7,58.7,0.8,5.2,0.5,28042,1367,66.2,4.7,56.9,4.9,9.6,3.9,134941,2672,54.8,2.0,49.0,1.9,10.5,2.0,21116,1521,65.9,4.9,63.6,5.1,3.0,1.9,N,N,N,N,N,N,N,N,229718,9477,67.5,1.4,61.5,1.6,8.6,1.4,36153,4014,62.2,4.4,55.4,4.3,10.4,3.7,621973,1703,64.2,0.9,59.3,0.9,7.3,0.8,692377,1940,62.6,0.9,58.9,1.0,4.6,0.6,1144147,3470,74.8,0.7,69.9,0.8,5.6,0.5,565417,2681,80.5,0.8,75.4,1.0,5.0,0.6,578730,2609,69.2,0.9,64.6,1.0,6.4,0.7,(X),(X),(X),(X),(X),(X),(X),(X),178734,7760,51.5,2.0,42.4,2.1,17.5,2.3,164701,7318,45.8,2.1,40.5,2.1,11.4,2.4,998154,3635,75.1,0.7,71.0,0.8,4.8,0.5,159357,6726,60.2,1.8,55.3,2.0,8.2,1.7,275140,7388,71.1,1.5,67.1,1.5,5.5,0.8,301715,8230,78.6,1.3,74.0,1.4,4.5,0.8,261942,6530,84.4,1.1,81.1,1.2,3.0,0.6,2.5,(X),(X),(X),(X),(X),(X),(X)
0400000US36,36,New York,15337883,6458,63.0,0.2,58.7,0.2,6.5,0.1,1126014,7050,36.3,0.6,28.2,0.5,21.7,0.8,1365987,5356,69.1,0.6,59.8,0.7,12.7,0.6,5413020,4721,81.3,0.3,76.5,0.3,5.7,0.2,2823776,3829,79.9,0.4,76.2,0.4,4.6,0.2,2088198,2656,61.8,0.4,59.3,0.4,4.0,0.3,1268161,2652,22.8,0.6,21.8,0.6,4.2,0.6,1252727,1968,5.6,0.3,5.3,0.3,5.4,1.1,N,N,N,N,N,N,N,N,10431505,19437,63.3,0.2,59.8,0.2,5.3,0.1,2263890,12063,60.3,0.5,53.5,0.5,11.0,0.4,48567,3393,60.4,3.8,52.5,3.5,12.9,3.0,1073223,4393,64.9,0.8,61.1,0.8,5.7,0.5,N,N,N,N,N,N,N,N,1315554,21362,64.0,0.8,58.1,0.9,9.1,0.6,201232,10245,62.4,1.8,55.4,1.9,10.6,1.5,2325474,2767,63.9,0.6,58.2,0.6,8.6,0.4,9528441,6319,63.2,0.2,59.8,0.2,5.1,0.1,11690981,4561,76.1,0.2,71.4,0.2,5.9,0.1,5719154,2834,81.7,0.3,76.5,0.3,6.0,0.2,5971827,3763,70.7,0.3,66.5,0.3,5.8,0.2,(X),(X),(X),(X),(X),(X),(X),(X),1392555,19963,44.0,0.8,33.3,0.7,24.2,0.9,1307509,18042,39.2,0.7,33.6,0.7,14.1,0.8,10324994,5017,77.0,0.2,72.9,0.2,5.1,0.1,1346405,22978,58.1,0.7,52.3,0.7,10.0,0.6,2921218,27921,73.4,0.4,68.8,0.4,6.2,0.3,2564340,22987,80.0,0.4,75.8,0.4,5.1,0.3,3493031,25096,85.0,0.3,82.3,0.3,3.1,0.2,3.4,(X),(X),(X),(X),(X),(X),(X)
0400000US37,37,North Carolina,6949161,6150,65.1,0.2,59.8,0.2,6.6,0.2,502698,7605,46.1,1.1,34.1,1.0,24.2,1.6,601228,7119,77.6,0.9,64.2,1.0,11.0,0.9,2529969,9556,82.6,0.4,76.6,0.4,5.8,0.3,1269316,5441,79.4,0.5,75.6,0.6,4.6,0.4,974151,3195,59.3,0.8,57.1,0.8,3.5,0.4,576276,3091,20.7,0.7,20.1,0.7,3.1,0.8,495523,2714,5.4,0.4,5.3,0.4,2.0,1.3,N,N,N,N,N,N,N,N,5017838,10089,65.0,0.2,60.7,0.3,5.0,0.2,1422719,5610,63.5,0.6,55.2,0.7,11.9,0.7,74333,2638,58.1,2.9,53.2,3.2,7.6,2.3,125798,2865,65.4,2.1,60.3,2.4,5.6,1.3,N,N,N,N,N,N,N,N,237158,9370,77.7,1.6,70.8,1.7,6.9,1.2,67558,4424,66.5,3.2,55.6,3.5,11.9,3.3,398339,3316,75.8,1.1,69.0,1.3,6.8,0.8,4870149,4709,64.7,0.3,60.5,0.3,5.0,0.2,5374664,6932,77.1,0.3,71.4,0.3,5.7,0.2,2660060,5733,82.7,0.4,76.0,0.4,5.4,0.3,2714604,4927,71.6,0.4,66.9,0.4,6.1,0.3,(X),(X),(X),(X),(X),(X),(X),(X),674167,15554,51.6,1.0,40.2,1.0,21.9,1.1,784949,15600,42.8,1.0,37.0,1.0,12.7,1.0,4773436,8044,77.0,0.3,72.3,0.3,5.1,0.2,706580,15216,60.4,1.1,54.6,1.2,9.6,0.8,1404455,18825,74.9,0.6,69.6,0.6,6.4,0.5,1397239,17294,80.4,0.5,75.4,0.6,4.6,0.3,1265162,16109,85.0,0.4,81.9,0.5,2.6,0.2,2.6,(X),(X),(X),(X),(X),(X),(X)
0400000US38,38,North Dakota,509451,1444,69.0,0.8,65.8,0.8,3.3,0.4,42307,1974,52.7,3.6,46.9,3.6,10.4,3.0,57279,1629,81.4,2.8,73.6,2.8,5.0,1.4,155562,1594,88.5,0.9,84.4,1.2,2.9,0.7,94602,819,86.8,1.3,84.6,1.4,2.3,0.7,66872,857,70.9,2.1,69.5,2.2,2.1,0.7,43138,472,29.4,2.6,28.8,2.7,1.9,1.1,49691,449,6.0,1.1,5.9,1.1,1.9,1.7,N,N,N,N,N,N,N,N,470239,1428,69.6,0.8,66.6,0.8,2.9,0.4,N,N,N,N,N,N,N,N,22742,1284,57.5,4.7,48.6,5.0,14.3,4.7,N,N,N,N,N,N,N,N,N,N,N,N,N,N,N,N,N,N,N,N,N,N,N,N,N,N,N,N,N,N,N,N,N,N,N,N,N,N,N,N,467452,1203,69.5,0.8,66.6,0.8,2.9,0.4,374315,2091,83.8,0.9,80.1,0.9,2.9,0.4,191109,1724,87.6,1.0,82.5,1.0,3.4,0.5,183206,1522,79.9,1.4,77.6,1.4,2.4,0.5,(X),(X),(X),(X),(X),(X),(X),(X),38116,2991,62.8,3.5,54.8,3.4,12.2,2.8,38354,3036,57.9,3.4,53.3,3.3,7.5,2.2,317036,1934,84.3,0.8,81.3,0.9,2.6,0.4,18018,1818,64.8,4.5,60.9,4.6,5.9,2.4,92232,3387,80.9,1.4,78.2,1.6,2.7,0.7,114218,3364,87.0,1.2,83.7,1.5,2.7,0.7,92568,3654,88.0,1.4,85.4,1.6,1.9,0.7,1.7,(X),(X),(X),(X),(X),(X),(X)
0400000US39,39,Ohio,9036383,5165,65.3,0.2,60.6,0.2,7.1,0.2,658824,6009,50.3,0.9,38.9,1.0,22.7,1.1,775097,3998,78.8,0.9,68.8,1.0,12.5,0.7,3072715,5105,83.1,0.4,77.6,0.4,6.4,0.2,1738793,4043,80.8,0.5,77.0,0.5,4.7,0.3,1262875,2483,62.5,0.6,60.0,0.6,4.0,0.3,764271,2269,22.3,0.7,21.6,0.7,3.0,0.6,763808,2036,5.4,0.4,5.3,0.4,2.0,0.8,N,N,N,N,N,N,N,N,7719257,6615,65.7,0.2,61.6,0.2,6.0,0.2,995263,4838,62.1,0.7,52.6,0.8,15.2,0.8,18372,1753,62.6,4.4,50.6,5.3,18.4,5.4,138839,2436,67.9,1.8,65.2,1.9,3.6,0.9,N,N,N,N,N,N,N,N,73179,4797,68.0,2.7,61.7,2.7,9.2,2.2,89767,5461,62.7,2.3,54.1,2.5,13.5,2.5,183162,1582,69.3,1.8,62.1,1.7,9.9,1.2,7621627,4126,65.6,0.2,61.6,0.2,6.0,0.2,6849480,4282,78.2,0.2,73.2,0.3,6.3,0.2,3382409,3974,83.2,0.3,77.7,0.4,6.5,0.3,3467071,3780,73.3,0.3,68.8,0.4,6.1,0.2,(X),(X),(X),(X),(X),(X),(X),(X),802062,19730,52.2,0.8,38.2,1.0,26.7,1.3,942185,13767,44.3,0.9,38.1,0.9,14.1,0.9,6074383,3689,78.1,0.2,73.7,0.3,5.5,0.2,633256,13755,55.3,1.0,47.5,1.1,14.1,1.0,2178205,18050,75.7,0.4,70.6,0.5,6.8,0.3,1733980,17280,82.2,0.4,78.2,0.5,4.7,0.3,1528942,19884,86.5,0.4,84.1,0.4,2.4,0.2,2.4,(X),(X),(X),(X),(X),(X),(X)
0400000US40,40,Oklahoma,2786695,3780,62.8,0.4,58.5,0.4,6.0,0.3,206676,5385,49.8,1.7,39.0,1.6,20.6,2.1,267898,4923,75.5,1.5,65.9,1.6,10.9,1.2,945421,4733,79.6,0.6,74.4,0.7,5.5,0.4,505295,3267,76.5,1.0,73.9,0.9,3.1,0.4,385768,2471,59.3,1.0,57.8,1.0,2.6,0.5,248712,1909,25.0,1.0,24.3,1.0,2.8,0.9,226925,1873,6.4,0.7,6.3,0.7,1.1,1.0,N,N,N,N,N,N,N,N,2165374,4195,62.9,0.4,59.3,0.4,4.9,0.3,193583,3263,61.7,1.8,52.5,2.0,13.6,1.8,177523,4994,60.7,1.7,54.6,1.7,9.6,1.4,46429,2600,67.6,4.0,64.0,3.9,3.6,1.6,N,N,N,N,N,N,N,N,62638,3813,68.9,3.2,63.2,3.3,7.3,2.2,138971,5436,61.7,1.7,56.1,1.7,8.2,1.5,160094,1686,69.7,1.9,64.5,1.8,6.6,1.3,2084420,2050,62.5,0.4,59.0,0.4,4.8,0.3,2104382,4840,74.6,0.4,70.1,0.4,5.2,0.3,1048355,3776,80.6,0.6,75.4,0.6,5.0,0.4,1056027,3474,68.7,0.7,64.9,0.7,5.3,0.5,(X),(X),(X),(X),(X),(X),(X),(X),308995,9633,51.5,1.5,40.5,1.5,21.2,1.8,365480,7442,43.8,1.3,38.9,1.3,10.8,1.3,1836484,5086,74.5,0.5,70.8,0.5,4.3,0.3,238641,6643,56.3,1.6,50.7,1.6,9.9,1.3,614611,11483,71.4,0.8,67.9,0.9,4.7,0.5,549265,11345,77.8,0.9,73.8,0.9,4.0,0.5,433967,9616,84.8,0.7,82.0,0.9,2.2,0.4,2.0,(X),(X),(X),(X),(X),(X),(X)
0400000US41,41,Oregon,2944587,2789,65.1,0.4,60.9,0.4,6.3,0.3,196959,4232,48.2,1.8,39.0,1.9,19.0,2.3,246256,3378,77.0,1.5,69.7,1.7,9.3,1.3,1026349,3849,82.4,0.5,77.2,0.6,6.1,0.4,560444,2559,80.3,0.9,76.2,1.0,5.0,0.6,437714,2219,62.1,1.1,59.7,1.1,3.8,0.5,239586,1992,22.0,1.2,21.3,1.2,2.8,1.1,237279,1691,5.1,0.7,5.0,0.7,2.6,2.1,N,N,N,N,N,N,N,N,2581755,7532,64.7,0.4,60.7,0.4,6.0,0.3,46357,1936,62.9,3.3,54.2,3.6,12.9,3.9,48383,5473,70.8,3.2,60.2,4.3,15.0,4.1,105962,1956,66.5,2.5,62.6,2.6,5.7,1.4,N,N,N,N,N,N,N,N,87273,6311,74.1,2.2,69.4,2.3,6.2,1.5,68353,4432,62.9,2.9,57.4,3.0,8.6,2.4,248463,1331,74.0,1.6,68.6,1.7,7.2,1.2,2453542,2656,64.2,0.4,60.3,0.4,5.9,0.4,2270763,4103,77.4,0.5,72.8,0.5,5.8,0.3,1141079,2995,83.3,0.6,78.1,0.6,6.0,0.4,1129684,2766,71.4,0.6,67.4,0.6,5.6,0.4,(X),(X),(X),(X),(X),(X),(X),(X),280230,9721,52.0,1.8,41.3,1.6,20.5,1.9,320690,10202,47.7,1.6,41.6,1.6,12.9,1.7,2024507,3861,77.4,0.5,73.1,0.5,5.3,0.3,223117,8898,66.1,1.6,59.5,1.9,10.1,1.5,507918,11916,74.3,1.0,69.7,1.0,6.1,0.7,706298,12499,78.2,0.8,73.8,0.8,5.4,0.5,587174,10585,83.4,0.8,80.5,0.8,3.3,0.4,1.8,(X),(X),(X),(X),(X),(X),(X)
0400000US42,42,Pennsylvania,9987926,5518,62.9,0.2,58.9,0.2,6.2,0.2,733097,6431,45.3,1.0,35.6,0.8,21.4,0.9,822970,3589,74.5,0.7,66.0,0.8,11.2,0.6,3216804,6031,82.1,0.3,77.5,0.3,5.5,0.2,1918048,4238,80.9,0.4,77.6,0.4,4.1,0.2,1413773,2654,62.6,0.5,60.3,0.5,3.7,0.3,887342,2181,22.9,0.6,22.1,0.6,3.6,0.5,995892,1676,5.1,0.3,4.9,0.3,3.3,1.0,N,N,N,N,N,N,N,N,8531365,7283,63.4,0.2,60.0,0.2,5.2,0.1,956758,5325,57.2,0.7,48.8,0.8,14.6,0.8,14027,1556,56.8,5.8,47.6,6.4,16.2,7.2,229573,2372,65.4,1.6,61.6,1.5,5.6,0.9,N,N,N,N,N,N,N,N,180911,6411,63.6,2.1,56.4,2.1,11.3,1.7,72260,5246,63.4,2.6,54.4,2.5,14.0,2.3,358594,1854,62.8,1.2,56.4,1.3,9.9,1.2,8372651,4482,63.4,0.2,60.1,0.2,5.1,0.1,7371595,4729,77.2,0.2,72.9,0.2,5.4,0.1,3648438,3918,82.2,0.3,77.4,0.3,5.6,0.2,3723157,2644,72.3,0.3,68.5,0.4,5.2,0.2,(X),(X),(X),(X),(X),(X),(X),(X),774043,15027,45.6,0.9,34.6,0.8,24.2,1.1,978439,13369,40.6,0.8,35.5,0.8,12.5,0.9,6548625,5147,77.5,0.2,73.8,0.2,4.7,0.1,631019,14211,55.3,1.0,49.4,0.9,10.7,0.7,2453672,18975,74.9,0.3,70.5,0.4,5.8,0.3,1600223,14732,81.1,0.4,77.3,0.4,4.5,0.3,1863711,14252,85.6,0.4,83.4,0.4,2.4,0.2,2.8,(X),(X),(X),(X),(X),(X),(X)
0400000US44,44,Rhode Island,860011,1665,66.1,0.7,61.9,0.7,5.9,0.5,67301,2044,51.7,3.4,43.1,3.1,16.4,3.8,79726,1478,77.5,2.2,69.6,2.7,9.7,2.1,289533,1530,83.7,1.3,79.1,1.4,4.7,0.7,159950,1429,82.2,1.5,78.6,1.7,4.2,0.9,116057,745,65.9,1.9,62.8,2.0,4.8,1.2,67112,913,24.6,2.4,23.3,2.3,5.1,2.0,80332,804,6.1,1.1,5.8,1.1,5.0,5.9,N,N,N,N,N,N,N,N,728495,3951,65.7,0.8,61.9,0.8,5.3,0.5,39901,3004,69.0,3.8,63.3,3.8,8.1,3.0,N,N,N,N,N,N,N,N,22974,1301,65.6,5.6,62.2,5.6,4.8,2.4,N,N,N,N,N,N,N,N,51477,4842,70.5,3.3,62.8,3.2,10.6,2.9,13809,2457,64.2,6.7,56.3,6.5,12.2,5.4,80069,709,69.1,2.2,61.9,2.5,10.1,2.4,702430,1849,65.6,0.8,61.9,0.8,5.2,0.5,645266,1904,79.3,0.9,74.9,0.9,5.2,0.5,316430,1553,83.8,1.0,79.0,1.1,4.9,0.7,328836,1397,75.1,1.3,70.8,1.3,5.5,0.6,(X),(X),(X),(X),(X),(X),(X),(X),62075,5115,45.6,3.8,35.0,3.9,23.1,4.9,84059,4216,41.2,2.9,36.7,2.9,11.0,2.9,565540,1413,79.6,0.9,75.6,0.9,4.6,0.5,77099,4983,63.2,2.9,57.5,3.3,9.2,2.4,159584,6241,76.7,1.7,72.1,1.7,5.8,1.2,146108,6186,81.6,1.8,77.8,1.9,4.1,0.8,182749,6964,87.4,1.1,84.5,1.2,2.6,0.7,3.1,(X),(X),(X),(X),(X),(X),(X)
0400000US45,45,South Carolina,3408812,3336,63.1,0.4,57.6,0.3,7.4,0.3,262266,5084,45.8,1.6,32.2,1.2,24.8,2.2,300802,5092,74.6,1.4,60.9,1.7,14.8,1.4,1172979,5537,81.4,0.6,75.4,0.6,6.2,0.5,618659,3431,78.4,0.9,74.6,0.9,4.7,0.5,500251,2056,57.8,0.9,55.3,1.0,4.3,0.6,301498,2611,21.6,1.2,20.6,1.1,4.5,1.2,252357,2409,5.3,0.7,5.2,0.7,2.2,1.8,N,N,N,N,N,N,N,N,2355798,4474,63.3,0.5,59.2,0.4,5.0,0.3,935559,3688,61.6,0.8,52.7,0.9,13.6,0.9,10369,1508,59.3,7.8,51.4,6.8,12.1,5.4,37293,1820,70.6,4.3,64.3,4.7,5.9,2.4,N,N,N,N,N,N,N,N,38830,3469,77.6,3.9,71.2,3.8,5.1,2.0,28171,2350,69.5,4.9,59.9,5.4,7.6,3.5,103625,1578,75.9,2.5,68.7,2.4,5.3,1.4,2295992,2471,63.0,0.5,59.0,0.4,5.0,0.3,2592691,4743,75.3,0.4,69.6,0.4,6.5,0.3,1268371,4336,80.1,0.6,73.9,0.6,5.9,0.4,1324320,2769,70.8,0.7,65.5,0.7,7.1,0.5,(X),(X),(X),(X),(X),(X),(X),(X),343550,11347,48.9,1.5,36.2,1.4,25.9,1.8,394275,9642,36.9,1.3,32.2,1.3,12.5,1.6,2291889,5103,75.4,0.5,70.8,0.4,5.5,0.3,348910,10588,56.5,1.4,50.3,1.3,11.1,1.2,756464,12880,74.3,0.8,68.8,0.9,7.0,0.7,639529,10158,80.5,0.8,75.9,0.8,4.3,0.4,546986,9296,83.2,0.7,80.6,0.8,2.3,0.3,3.2,(X),(X),(X),(X),(X),(X),(X)
0400000US46,46,South Dakota,611013,1448,69.8,0.7,66.4,0.8,4.3,0.4,46299,2069,56.0,2.9,46.0,2.9,17.6,3.2,59477,2119,80.2,2.6,73.9,2.7,5.9,1.7,195470,2034,86.4,1.2,82.5,1.3,3.9,0.7,114930,1167,87.8,1.1,85.2,1.2,2.8,0.6,83198,790,71.9,1.8,70.5,1.9,1.8,0.8,53237,789,33.5,2.7,32.4,2.7,3.3,1.9,58402,826,8.8,1.4,8.8,1.4,0.3,0.5,N,N,N,N,N,N,N,N,547941,1390,70.6,0.7,68.0,0.8,3.1,0.4,N,N,N,N,N,N,N,N,42224,1450,57.1,3.6,44.7,3.6,21.7,3.5,N,N,N,N,N,N,N,N,N,N,N,N,N,N,N,N,N,N,N,N,N,N,N,N,6327,1236,63.8,7.2,52.3,7.7,16.0,9.4,10055,949,82.3,5.4,74.2,6.5,6.9,5.6,544459,959,70.5,0.7,67.9,0.8,3.1,0.4,453075,1884,83.3,0.8,79.9,0.9,3.5,0.4,231336,1837,86.9,1.0,82.9,1.2,3.6,0.6,221739,1783,79.5,1.2,76.7,1.3,3.4,0.6,(X),(X),(X),(X),(X),(X),(X),(X),53114,3932,58.9,3.5,49.2,3.7,16.5,3.1,48423,2912,56.2,3.2,50.1,3.2,10.9,2.5,393598,1830,83.8,0.8,80.8,0.9,3.2,0.4,30545,2917,65.4,3.2,57.3,3.9,12.4,3.9,129592,4202,81.8,1.3,78.5,1.4,4.0,0.8,124467,4108,86.3,1.4,83.4,1.7,2.5,0.5,108994,4412,88.4,1.3,87.0,1.4,1.2,0.4,1.9,(X),(X),(X),(X),(X),(X),(X)
0400000US47,47,Tennessee,4761712,4886,63.0,0.3,58.1,0.3,7.4,0.3,332307,5658,44.0,1.4,33.3,1.3,24.3,1.9,391579,5311,76.6,1.3,65.3,1.5,14.1,1.3,1707609,5204,80.3,0.5,74.4,0.6,6.7,0.4,877038,3199,77.1,0.8,73.4,0.8,4.7,0.4,686086,2933,58.1,0.8,55.9,0.9,3.9,0.5,414416,2217,21.1,0.9,20.1,0.8,4.9,1.2,352677,1957,5.8,0.5,5.6,0.5,3.4,1.6,N,N,N,N,N,N,N,N,3852052,5955,62.6,0.3,58.6,0.4,6.0,0.3,745480,4880,64.1,1.0,54.8,1.0,14.4,0.9,12440,1568,64.4,7.5,56.9,7.2,7.4,4.7,57811,1723,69.0,3.0,64.0,3.1,6.5,2.2,N,N,N,N,N,N,N,N,51982,4176,71.9,3.8,67.1,3.5,6.6,2.1,41051,3839,62.6,3.3,54.5,3.4,12.4,4.0,125492,1857,72.1,2.1,66.9,2.1,6.5,1.5,3781009,3567,62.4,0.3,58.4,0.3,6.0,0.3,3662312,5713,75.0,0.4,69.7,0.4,6.6,0.2,1809670,4210,80.9,0.5,75.4,0.6,6.0,0.4,1852642,3577,69.2,0.5,64.1,0.5,7.2,0.4,(X),(X),(X),(X),(X),(X),(X),(X),499118,14094,48.1,1.4,34.7,1.1,27.8,1.8,616969,11970,38.7,1.1,32.5,1.0,15.8,1.3,3270733,4701,74.8,0.4,70.2,0.4,5.7,0.2,489099,11603,53.0,1.1,46.8,1.2,11.6,1.1,1140478,14447,73.1,0.6,67.7,0.7,7.1,0.5,875469,14745,80.1,0.7,75.8,0.8,4.7,0.4,765687,13121,85.2,0.6,82.6,0.6,2.5,0.3,2.7,(X),(X),(X),(X),(X),(X),(X)
0400000US48,48,Texas,17704037,9358,65.6,0.1,60.6,0.1,7.0,0.1,1407924,11749,42.3,0.7,31.8,0.6,24.1,0.9,1744419,8510,73.5,0.7,62.9,0.6,12.7,0.5,6881052,9488,80.2,0.2,74.8,0.3,6.0,0.2,3171706,6568,79.4,0.3,75.7,0.4,4.5,0.2,2169494,4070,61.8,0.5,59.5,0.5,3.8,0.3,1243160,4467,24.3,0.6,23.3,0.5,4.0,0.5,1086282,4048,5.6,0.3,5.4,0.3,4.0,1.2,N,N,N,N,N,N,N,N,12626528,34398,65.5,0.2,61.2,0.2,5.9,0.1,1999983,7666,64.0,0.6,55.0,0.7,13.0,0.6,90013,5031,63.9,3.0,57.2,3.1,8.8,2.1,613064,4902,67.2,0.9,63.2,1.1,5.2,0.6,N,N,N,N,N,N,N,N,2127075,32091,67.6,0.6,62.0,0.5,8.0,0.4,237284,10876,65.4,1.5,58.6,1.7,9.4,1.2,5736842,6468,66.8,0.3,61.4,0.3,7.8,0.3,9150347,6162,65.1,0.2,61.2,0.2,5.3,0.2,13966671,9443,76.3,0.2,71.1,0.2,6.2,0.1,7034745,6554,83.9,0.2,78.5,0.2,5.5,0.2,6931926,6182,68.6,0.3,63.6,0.3,7.0,0.2,(X),(X),(X),(X),(X),(X),(X),(X),1919413,29651,54.8,0.6,43.4,0.6,20.8,0.8,1718993,25504,46.3,0.7,40.1,0.7,13.2,0.7,12222252,10212,76.7,0.1,72.3,0.2,5.3,0.1,2374757,26715,64.2,0.5,58.7,0.5,8.5,0.5,3288243,26910,74.3,0.4,69.1,0.4,6.7,0.3,3396861,27432,80.3,0.4,75.8,0.4,4.7,0.2,3162391,23478,84.9,0.3,82.1,0.4,2.6,0.2,2.1,(X),(X),(X),(X),(X),(X),(X)
0400000US49,49,Utah,1840346,2515,69.4,0.6,66.1,0.6,4.4,0.3,166417,3343,57.6,1.8,49.2,2.0,14.4,1.7,236368,2251,81.1,1.5,75.7,1.8,6.1,1.1,718344,2840,80.7,0.8,77.5,0.8,3.4,0.3,294153,2182,82.1,1.0,79.8,1.1,2.7,0.4,201104,1239,66.6,1.2,64.7,1.3,2.8,0.7,117551,1051,24.7,2.0,24.0,2.0,2.6,1.4,106409,834,5.0,0.7,4.9,0.7,3.3,2.6,1819642,3364,69.4,0.6,66.1,0.6,4.4,0.3,1652796,6574,69.3,0.6,66.2,0.6,4.2,0.3,15240,1029,73.0,5.3,66.3,6.4,8.9,6.0,20573,1476,59.0,5.3,53.9,5.1,8.0,4.4,38666,1837,65.1,3.3,63.5,3.4,2.5,1.4,12475,965,70.6,6.5,59.6,7.9,15.6,8.4,79892,6500,74.4,2.8,71.0,2.9,4.5,1.4,20704,2346,68.9,4.3,62.0,4.8,8.9,4.2,185715,1068,75.0,1.8,70.4,1.8,5.8,1.2,1552490,2231,68.9,0.6,65.8,0.6,4.1,0.3,1449969,2500,79.1,0.6,75.9,0.6,3.6,0.3,734525,1953,88.6,0.6,85.2,0.7,3.4,0.4,715444,2143,69.3,0.9,66.4,1.0,4.0,0.5,(X),(X),(X),(X),(X),(X),(X),(X),143354,7631,59.5,2.3,51.2,2.2,13.9,1.9,158102,5193,56.7,1.8,51.5,1.9,9.0,1.7,1213601,2587,78.7,0.6,76.0,0.7,3.1,0.3,111090,6523,70.6,2.2,66.5,2.4,5.7,1.5,299428,7865,77.7,1.1,74.7,1.1,3.7,0.6,448432,7348,77.9,1.1,75.2,1.1,3.1,0.5,354651,7426,83.0,0.8,81.0,0.9,2.1,0.4,2.2,(X),(X),(X),(X),(X),(X),(X)
0400000US50,50,Vermont,509349,1002,68.9,0.8,65.4,0.9,4.8,0.6,39909,1179,51.9,3.1,45.4,3.3,12.1,3.0,42510,1317,77.8,2.9,68.4,3.9,11.6,3.1,160580,926,85.9,1.1,82.1,1.2,4.3,0.6,104478,633,86.3,1.6,83.5,1.7,3.1,0.7,78927,446,69.8,2.0,67.5,2.1,3.1,1.0,42743,472,26.4,2.5,25.8,2.5,2.3,1.4,40202,262,6.4,1.4,6.4,1.4,0.0,3.7,N,N,N,N,N,N,N,N,491420,942,69.0,0.7,65.5,0.8,4.8,0.6,N,N,N,N,N,N,N,N,N,N,N,N,N,N,N,N,N,N,N,N,N,N,N,N,N,N,N,N,N,N,N,N,N,N,N,N,N,N,N,N,5694,894,65.2,7.6,56.0,7.8,12.7,6.7,N,N,N,N,N,N,N,N,488659,743,69.0,0.7,65.6,0.8,4.8,0.6,386495,1268,81.8,0.9,78.0,1.0,4.5,0.6,192135,950,85.9,1.1,81.8,1.1,4.4,0.6,194360,1064,77.9,1.3,74.2,1.5,4.6,0.9,(X),(X),(X),(X),(X),(X),(X),(X),35297,2536,51.4,4.0,38.6,3.9,24.9,4.6,55255,3105,51.5,2.8,45.3,3.3,11.8,3.1,343985,962,82.3,0.9,79.2,1.0,3.7,0.5,24432,2051,56.1,4.0,50.1,4.2,10.6,3.6,109529,3952,81.9,1.3,78.0,1.4,4.7,0.8,91344,3847,85.0,1.7,82.1,1.9,3.1,0.8,118680,4240,86.1,1.4,83.9,1.5,2.3,0.6,1.7,(X),(X),(X),(X),(X),(X),(X)
0400000US51,51,Virginia,6046489,6225,67.5,0.3,62.7,0.3,4.7,0.2,441045,6918,46.0,1.2,35.4,1.2,18.7,1.3,536451,6272,76.3,1.0,65.4,1.2,8.8,0.9,2206415,8177,84.0,0.4,78.1,0.5,4.0,0.3,1141333,5187,82.0,0.5,78.7,0.6,2.9,0.3,835231,3439,64.6,0.9,62.7,0.8,2.7,0.4,475451,3590,25.0,0.9,24.5,0.9,1.7,0.6,410563,3183,5.8,0.5,5.6,0.5,3.9,1.8,N,N,N,N,N,N,N,N,4370805,8469,66.9,0.3,62.8,0.3,3.7,0.2,1138466,6573,67.8,0.6,60.5,0.7,8.5,0.6,14926,1587,58.0,6.1,50.3,6.3,7.9,4.1,293135,3296,70.9,1.4,66.8,1.5,3.8,0.7,N,N,N,N,N,N,N,N,146705,8070,78.3,2.1,72.6,2.2,4.8,1.2,77723,5802,69.2,2.5,60.9,2.9,6.3,1.8,336701,2751,76.1,1.2,69.8,1.3,4.7,0.8,4196196,4080,66.6,0.3,62.6,0.3,3.6,0.2,4719430,6550,79.2,0.3,74.1,0.3,4.0,0.2,2337560,5163,84.5,0.4,77.9,0.4,3.8,0.3,2381870,4907,74.0,0.5,70.4,0.5,4.2,0.3,(X),(X),(X),(X),(X),(X),(X),(X),387831,13167,48.7,1.5,38.1,1.5,21.3,1.7,522541,10438,43.2,1.2,38.1,1.2,11.2,1.1,4182979,7251,79.6,0.3,75.2,0.4,3.5,0.2,475614,11848,60.9,1.1,56.3,1.2,7.5,0.8,1116439,15424,77.4,0.6,73.1,0.7,4.2,0.4,1123672,16433,81.0,0.5,76.1,0.5,3.7,0.4,1467254,17142,86.1,0.4,82.3,0.5,1.8,0.2,2.8,(X),(X),(X),(X),(X),(X),(X)
0400000US53,53,Washington,5050544,3606,66.1,0.3,61.1,0.3,6.4,0.3,362990,5078,45.8,1.2,34.9,1.3,22.9,1.7,433972,3674,78.2,1.1,67.4,1.3,10.6,0.9,1836855,4773,81.8,0.5,76.0,0.5,5.6,0.4,970799,2791,81.2,0.6,77.4,0.6,4.5,0.3,709212,2232,63.2,1.0,60.5,1.0,4.1,0.5,379702,2209,20.7,0.9,20.0,1.0,3.2,1.0,357014,1627,3.9,0.5,3.7,0.4,6.5,3.4,4930646,6598,66.1,0.3,61.2,0.3,6.3,0.2,4154411,8668,65.7,0.3,61.1,0.3,5.8,0.3,159362,3115,68.1,2.1,57.5,2.4,12.5,2.1,68701,3292,59.3,2.5,51.0,2.5,13.4,2.3,343809,3915,66.2,1.2,62.2,1.2,5.3,0.9,20060,1484,69.8,3.9,60.3,4.3,12.0,4.8,184303,7986,75.2,1.5,67.0,1.8,10.0,1.9,119898,5746,67.2,2.1,58.0,2.1,12.8,2.1,377916,1395,72.5,1.2,64.7,1.3,9.3,1.1,3984270,3225,65.5,0.3,61.0,0.3,5.7,0.3,3950838,4546,77.9,0.4,72.6,0.4,5.6,0.2,1988208,3568,84.1,0.5,77.7,0.5,5.7,0.3,1962630,3269,71.6,0.5,67.4,0.6,5.5,0.3,(X),(X),(X),(X),(X),(X),(X),(X),411866,11663,48.7,1.4,36.9,1.2,24.0,1.7,549522,11119,47.3,1.1,40.4,1.0,13.8,1.2,3516866,4361,77.9,0.4,73.3,0.4,5.0,0.2,340990,8931,64.6,1.5,57.9,1.6,10.2,1.3,849491,14001,74.6,0.8,69.2,0.8,6.4,0.5,1202429,15016,78.4,0.6,73.6,0.6,4.8,0.4,1123956,14104,83.9,0.5,80.6,0.5,3.1,0.3,2.1,(X),(X),(X),(X),(X),(X),(X)
0400000US54,54,West Virginia,1475907,2129,55.7,0.6,51.8,0.6,6.8,0.6,96799,3320,40.3,1.9,31.6,1.8,21.5,3.4,116175,2718,69.9,2.3,60.5,2.3,13.3,2.3,473335,2689,76.4,1.0,71.0,1.1,6.7,0.8,279544,1521,71.5,1.1,68.1,1.2,4.6,0.9,230937,1514,48.5,1.4,47.2,1.4,2.6,0.6,143894,1109,15.7,1.3,15.5,1.3,1.2,0.9,135223,1146,4.2,0.8,4.0,0.8,2.9,3.0,N,N,N,N,N,N,N,N,1401843,2265,55.9,0.6,52.0,0.6,6.7,0.6,47864,1793,49.4,3.2,44.2,3.1,10.6,3.9,N,N,N,N,N,N,N,N,N,N,N,N,N,N,N,N,N,N,N,N,N,N,N,N,N,N,N,N,N,N,N,N,11765,1838,53.6,7.2,42.6,8.1,20.1,10.0,N,N,N,N,N,N,N,N,1395620,1807,55.9,0.6,52.0,0.6,6.7,0.6,1099991,2812,68.6,0.7,64.2,0.8,6.3,0.6,547705,2201,75.3,0.9,70.2,1.0,6.5,0.7,552286,2156,62.0,1.0,58.2,1.1,6.1,0.7,(X),(X),(X),(X),(X),(X),(X),(X),172205,8485,41.7,2.0,32.0,1.8,23.2,3.0,235017,7209,30.8,1.6,26.6,1.6,13.7,2.3,983816,2650,68.4,0.7,64.6,0.8,5.4,0.5,140166,6472,42.7,2.2,37.5,2.0,12.2,2.0,427909,7337,66.6,0.9,62.7,1.0,5.7,0.8,236726,6695,75.3,1.5,71.2,1.5,5.2,1.0,179015,6445,83.9,1.1,81.6,1.3,2.4,0.7,1.7,(X),(X),(X),(X),(X),(X),(X)
0400000US55,55,Wisconsin,4405240,3261,69.5,0.3,65.5,0.3,5.5,0.2,322829,3946,57.9,1.1,47.0,1.1,18.6,1.1,399780,3001,80.9,1.1,74.0,1.2,8.5,0.7,1505308,4458,86.6,0.4,82.2,0.4,5.0,0.3,856132,2738,86.1,0.5,83.2,0.5,3.3,0.3,599318,1873,67.1,0.8,64.8,0.8,3.4,0.3,356158,1305,24.0,0.9,23.2,0.9,3.1,0.8,365715,1147,5.6,0.5,5.5,0.5,2.6,1.1,N,N,N,N,N,N,N,N,3932558,4647,69.9,0.3,66.5,0.3,4.8,0.2,228141,2161,60.4,1.6,50.5,1.7,16.3,1.7,35885,1816,67.9,3.3,59.1,3.7,13.0,2.5,78415,2186,67.7,2.6,63.0,2.9,6.6,1.5,N,N,N,N,N,N,N,N,92679,4226,72.2,2.6,66.6,2.7,7.7,1.9,36140,2702,72.3,3.6,64.4,4.1,10.9,3.0,170933,1105,71.2,1.6,65.6,1.7,7.7,1.3,3862193,2743,69.9,0.3,66.5,0.3,4.8,0.2,3360538,2791,82.3,0.3,78.3,0.3,4.7,0.2,1698286,2317,85.9,0.4,81.2,0.5,5.3,0.3,1662252,2200,78.7,0.4,75.4,0.5,4.2,0.3,(X),(X),(X),(X),(X),(X),(X),(X),321409,10154,57.8,1.4,46.3,1.3,19.8,1.2,365896,9560,51.6,1.1,45.2,1.1,12.4,1.1,2960758,3593,82.5,0.3,78.9,0.3,4.2,0.2,251945,7653,64.0,1.3,58.3,1.3,9.0,1.0,976062,13715,80.6,0.5,76.2,0.6,5.4,0.4,920089,12209,85.4,0.5,81.7,0.5,4.1,0.3,812662,10699,87.5,0.5,85.5,0.5,2.0,0.2,2.0,(X),(X),(X),(X),(X),(X),(X)
0400000US56,56,Wyoming,408612,1480,70.1,0.9,66.7,1.0,3.5,0.5,29340,1770,57.3,3.9,51.4,4.1,9.9,3.7,39874,1672,83.0,3.5,74.5,4.2,4.8,1.9,131083,1803,84.9,1.8,80.7,2.1,3.4,0.9,84698,1354,85.1,1.9,82.7,1.9,2.8,0.9,61987,1061,68.4,2.4,66.9,2.5,2.1,0.9,32630,593,27.3,3.5,26.9,3.5,1.7,1.4,29000,666,6.5,1.7,6.3,1.7,4.0,5.2,N,N,N,N,N,N,N,N,377774,1951,70.2,1.0,67.1,1.1,3.4,0.5,N,N,N,N,N,N,N,N,8006,920,66.4,6.9,58.0,7.9,12.8,6.9,N,N,N,N,N,N,N,N,N,N,N,N,N,N,N,N,N,N,N,N,N,N,N,N,N,N,N,N,N,N,N,N,25272,698,75.0,4.5,70.3,5.0,4.4,2.9,364116,1183,69.9,1.0,66.9,1.1,3.3,0.5,317642,1737,81.5,1.1,77.8,1.3,3.2,0.5,162274,1655,86.9,1.2,82.4,1.6,3.2,0.6,155368,1288,75.9,1.7,72.9,1.6,3.2,0.8,(X),(X),(X),(X),(X),(X),(X),(X),26075,3151,59.7,5.5,51.9,5.9,12.9,4.5,42484,3337,51.5,4.0,47.3,4.0,7.6,2.4,277768,1816,81.3,1.2,78.2,1.3,3.0,0.5,20631,2355,68.7,5.4,63.4,5.9,7.7,3.7,88379,4393,76.6,2.4,73.9,2.5,3.3,1.0,104265,4175,83.4,1.7,80.1,1.9,2.8,0.9,64493,3717,88.2,1.8,85.9,2.1,1.6,0.8,1.0,(X),(X),(X),(X),(X),(X),(X)
0400000US72,72,Puerto Rico,3028079,2837,47.6,0.5,40.1,0.5,15.7,0.6,235390,3652,21.0,0.9,9.9,0.6,52.9,3.0,291542,2998,56.7,1.6,40.5,1.6,28.5,2.0,1081306,1479,70.7,0.8,60.5,0.9,14.4,0.7,490341,634,58.2,1.1,52.2,1.2,10.3,0.9,425614,*****,33.8,1.0,31.1,1.0,8.0,1.0,285199,724,9.4,0.8,8.8,0.8,7.1,2.3,218687,726,2.6,0.4,2.4,0.4,8.0,4.0,N,N,N,N,N,N,N,N,2278542,14112,46.4,0.5,39.3,0.5,15.2,0.6,244176,8835,51.0,1.6,42.5,1.5,16.8,1.7,6772,1755,49.4,9.0,32.9,9.6,32.4,13.3,10996,2484,59.6,6.1,53.6,6.1,10.0,5.8,N,N,N,N,N,N,N,N,353769,10135,52.3,1.3,42.8,1.4,18.1,1.6,133701,7457,48.0,2.2,40.5,2.2,15.5,2.2,2987378,5032,47.6,0.5,40.0,0.5,15.9,0.6,29608,2985,50.2,3.8,47.5,3.9,5.1,2.6,2288803,2560,59.4,0.6,50.7,0.6,14.6,0.6,1088747,1535,67.3,0.8,57.7,0.8,14.1,0.7,1200056,2044,52.3,0.7,44.3,0.8,15.2,0.8,(X),(X),(X),(X),(X),(X),(X),(X),916685,18838,42.0,0.9,27.5,0.7,34.5,1.2,541606,11706,30.1,1.1,24.5,1.0,18.4,1.4,1997261,1362,59.8,0.6,52.2,0.7,12.7,0.6,529316,12417,35.3,1.1,26.4,1.1,25.2,1.7,538500,8967,57.7,1.0,48.7,1.1,15.5,1.2,463723,9564,69.2,1.0,61.2,1.0,11.4,0.8,465722,11927,80.8,0.8,76.5,0.8,5.2,0.5,2.1,(X),(X),(X),(X),(X),(X),(X)
