0400000US01,01,Alabama,3636020,4461,60.1,0.4,55.8,0.4,6.7,0.3,267971,5074,41.3,1.5,30.3,1.4,25.3,2.2,322156,4837,73.3,1.6,62.9,1.6,13.4,1.2,1225654,5437,79.8,0.6,74.5,0.7,5.8,0.4,668705,3931,74.0,0.9,71.0,1.0,3.8,0.4,526787,2500,54.4,1.1,52.5,1.1,3.3,0.5,336042,2396,19.6,0.8,19.2,0.8,2.2,0.6,288705,2490,5.2,0.6,5.1,0.6,2.9,1.8,N,N,N,N,N,N,N,N,2617359,5038,60.4,0.4,57.0,0.5,4.9,0.3,907216,4565,59.0,0.9,51.7,0.9,12.0,0.8,16650,1761,60.8,4.6,55.0,5.4,8.9,4.5,35571,2095,63.6,4.0,60.8,4.0,3.6,1.8,N,N,N,N,N,N,N,N,23392,2532,74.2,4.0,70.0,4.1,3.9,2.1,34769,3240,59.6,4.3,52.8,4.0,11.1,3.6,77991,1465,70.5,2.6,66.9,2.7,3.2,1.1,2566763,3960,60.2,0.4,56.9,0.5,4.9,0.3,2743302,5594,72.7,0.4,68.1,0.5,5.8,0.3,1339382,4274,79.4,0.6,74.3,0.7,5.4,0.4,1403920,3366,66.4,0.6,62.1,0.7,6.3,0.4,224303,7525,64.6,1.5,58.7,1.5,8.8,1.3,392150,13075,46.4,1.4,35.6,1.4,23.2,1.9,506162,12198,35.0,1.1,30.6,1.1,12.3,1.3,2421146,4942,72.6,0.4,68.7,0.5,4.8,0.3,383935,11757,52.3,1.6,47.3,1.5,9.6,1.2,773375,13500,70.4,0.8,66.0,0.9,6.0,0.6,706248,11558,77.5,0.8,73.5,0.9,4.3,0.5,557588,12615,83.6,0.7,81.2,0.7,2.0,0.2,3.1,(X),(X),(X),(X),(X),(X),(X)
0400000US02,02,Alaska,526901,1633,71.8,0.8,62.6,0.9,8.8,0.7,46283,2482,51.7,3.7,39.6,3.3,21.6,4.7,58800,2814,82.0,3.0,58.9,3.4,15.5,3.2,192125,2888,83.1,1.2,72.4,1.6,7.9,1.2,109955,1785,81.9,1.6,76.9,1.7,5.3,1.0,72657,1320,65.0,2.5,61.2,2.5,5.7,1.2,29463,1196,25.2,3.6,23.9,3.7,5.3,3.3,17618,934,11.3,4.8,8.6,4.2,24.1,21.0,N,N,N,N,N,N,N,N,371695,1930,73.3,0.8,65.8,1.0,5.8,0.7,20829,1579,77.8,8.3,60.9,8.0,12.9,6.3,66984,2290,60.5,2.3,45.0,2.5,25.0,3.0,27097,1436,72.4,4.3,67.5,4.5,4.2,1.4,N,N,N,N,N,N,N,N,N,N,N,N,N,N,N,N,24794,2434,69.6,4.5,56.5,5.2,15.9,6.3,26023,768,76.0,4.3,64.0,4.7,9.4,3.5,361726,927,73.2,0.9,65.8,1.1,5.7,0.7,433537,1935,79.6,0.8,69.8,0.9,7.8,0.7,228734,1762,84.8,1.1,72.3,1.3,7.8,1.0,204803,1486,73.8,1.3,67.2,1.3,7.9,1.2,37321,2704,63.9,4.2,57.4,4.6,8.8,3.2,32822,2994,56.8,4.3,38.2,4.1,32.8,5.2,59343,3388,51.1,3.4,42.6,3.2,16.0,3.2,374737,3020,79.2,0.9,71.6,1.0,6.7,0.7,29660,2803,56.9,4.5,49.5,4.5,12.8,3.6,112236,4832,75.9,1.9,67.3,2.3,10.5,1.8,133299,5037,82.0,1.3,72.6,1.6,6.4,1.3,99542,4061,86.0,1.6,81.5,2.0,2.1,0.7,1.8,(X),(X),(X),(X),(X),(X),(X)
0400000US04,04,Arizona,4847562,4420,62.6,0.3,58.6,0.3,5.8,0.3,344349,5628,44.1,1.4,35.3,1.4,19.2,1.5,427388,3788,75.5,1.5,67.8,1.6,8.7,1.0,1780719,3886,79.5,0.5,74.8,0.6,5.1,0.4,820377,2110,78.7,0.7,75.4,0.7,4.2,0.5,655553,1466,58.8,1.0,56.6,1.0,3.7,0.5,421231,1696,21.6,1.2,20.7,1.2,3.8,0.9,397945,1566,5.0,0.5,4.7,0.5,5.9,2.4,N,N,N,N,N,N,N,N,3822548,14619,61.9,0.4,58.5,0.4,5.0,0.3,158607,2970,63.8,2.4,56.4,2.3,10.3,1.8,201626,4072,55.0,1.7,46.0,1.8,16.2,2.0,119094,2102,65.5,2.3,62.1,2.4,4.7,1.2,N,N,N,N,N,N,N,N,460097,13748,69.1,1.2,64.6,1.3,6.4,0.9,78697,5856,64.5,2.7,59.0,2.9,7.6,2.0,1245435,3285,67.2,0.7,62.8,0.7,6.3,0.5,3084673,3434,61.0,0.4,57.6,0.4,4.7,0.3,3684037,3518,75.2,0.4,70.9,0.4,5.1,0.3,1864913,2570,82.5,0.5,77.5,0.5,5.2,0.4,1819124,2424,67.6,0.5,64.1,0.6,5.0,0.4,322700,9510,58.2,1.5,53.8,1.7,7.3,1.2,445276,16591,48.4,1.6,38.5,1.4,20.2,2.0,431191,12008,41.4,1.2,36.4,1.2,11.9,1.4,3256649,3369,75.1,0.4,71.3,0.4,4.6,0.3,508456,11210,63.7,1.2,58.7,1.2,7.8,0.8,842598,18519,72.4,1.0,68.1,0.9,5.6,0.7,1058189,16450,77.4,0.7,73.4,0.7,4.4,0.4,847406,13389,81.9,0.8,79.4,0.8,2.5,0.4,2.8,(X),(X),(X),(X),(X),(X),(X)
0400000US05,05,Arkansas,2212721,3749,60.6,0.5,56.0,0.5,7.2,0.4,163639,4445,44.8,2.1,33.8,1.8,24.0,2.9,187272,4836,74.5,1.7,63.7,1.9,13.7,1.9,747370,5301,79.5,0.9,73.8,0.8,6.7,0.6,395682,3402,74.8,1.1,71.8,1.1,4.1,0.5,320822,2136,57.2,1.3,55.5,1.4,2.9,0.7,209866,2084,21.3,1.4,20.4,1.4,4.1,1.7,188070,1595,4.8,0.7,4.6,0.7,3.2,2.3,N,N,N,N,N,N,N,N,1785462,4100,60.6,0.5,56.9,0.6,5.8,0.4,321115,2967,60.1,1.4,50.8,1.5,14.9,1.6,12728,1536,64.6,5.2,58.2,5.4,9.8,5.2,24521,1750,59.7,5.1,57.8,5.1,2.4,2.2,N,N,N,N,N,N,N,N,40061,3702,64.9,4.1,59.2,4.4,8.8,3.5,27485,2591,55.5,4.4,50.3,4.4,9.2,3.4,93333,1980,68.5,2.5,63.6,2.6,7.1,1.9,1735375,2316,60.4,0.5,56.7,0.6,5.8,0.4,1651146,4449,73.5,0.6,68.6,0.6,6.3,0.4,817877,3914,79.1,0.7,73.5,0.8,6.5,0.5,833269,3511,68.0,0.9,63.8,0.9,6.1,0.5,143933,5064,67.3,2.5,60.9,2.5,9.4,1.8,250022,8391,49.9,1.8,38.8,1.8,22.2,2.3,305077,8157,36.3,1.5,32.4,1.3,10.8,1.6,1463874,5017,73.4,0.6,69.2,0.7,5.3,0.4,224371,6431,56.0,2.0,49.9,1.9,10.9,1.4,521686,10248,72.0,1.0,67.4,0.9,6.3,0.7,414614,9276,77.0,1.0,72.7,1.1,5.1,0.7,303203,9117,83.6,1.0,81.8,1.0,1.5,0.4,2.3,(X),(X),(X),(X),(X),(X),(X)
0400000US06,06,California,28275226,9025,64.3,0.2,59.6,0.2,6.6,0.1,2215110,10872,37.9,0.5,28.6,0.5,23.4,0.8,2728354,6488,73.4,0.5,63.8,0.5,10.5,0.4,10655463,8590,79.8,0.2,74.7,0.2,5.7,0.2,5114104,6046,78.8,0.3,74.9,0.3,4.8,0.2,3561246,3531,62.5,0.4,59.8,0.4,4.4,0.2,2048331,3600,23.8,0.5,22.8,0.5,4.3,0.5,1952618,3378,5.6,0.2,5.4,0.2,3.9,0.8,27561821,19087,64.3,0.2,59.6,0.2,6.6,0.1,17508696,43068,64.0,0.2,59.7,0.2,5.9,0.1,1730121,7606,60.6,0.6,53.1,0.7,11.4,0.6,213303,8135,62.6,1.7,55.3,1.7,10.2,1.3,3696792,10469,62.9,0.4,59.2,0.4,5.4,0.2,101981,3193,69.0,2.8,62.1,2.7,9.2,2.0,4310928,43041,68.3,0.4,62.6,0.4,8.0,0.3,713405,16347,66.1,0.9,59.2,1.0,9.0,0.6,9113309,7332,67.1,0.2,61.8,0.2,7.6,0.2,13046095,7760,63.3,0.2,59.2,0.2,5.5,0.1,22059167,6887,76.0,0.2,71.0,0.2,5.9,0.1,11194116,6024,83.1,0.2,77.4,0.2,5.7,0.1,10865051,3804,68.7,0.2,64.4,0.3,6.1,0.1,1829383,17626,59.2,0.6,54.4,0.6,8.0,0.4,2344728,33507,48.2,0.6,38.0,0.7,21.0,0.8,2309421,25459,41.8,0.6,36.3,0.6,12.9,0.6,19330813,6779,76.3,0.2,72.0,0.2,5.3,0.1,3599175,32910,64.7,0.4,59.3,0.4,8.3,0.3,4351894,39052,72.9,0.4,67.7,0.4,6.8,0.3,5454468,36593,78.2,0.3,73.7,0.4,5.1,0.2,5925276,38011,84.2,0.3,81.3,0.3,3.1,0.1,2.8,(X),(X),(X),(X),(X),(X),(X)
0400000US08,08,Colorado,3803581,3614,69.9,0.4,65.4,0.4,5.5,0.2,263672,4578,49.9,1.6,39.2,1.5,20.0,1.6,336205,3973,79.0,1.2,68.9,1.6,10.0,1.3,1449285,5479,83.7,0.6,78.9,0.6,4.6,0.3,740009,4059,83.5,0.7,80.3,0.7,3.6,0.3,521017,1979,66.9,1.0,64.4,1.1,3.8,0.5,266163,2326,26.2,1.2,25.6,1.2,2.5,0.8,227230,2123,5.8,0.6,5.5,0.6,3.9,2.4,N,N,N,N,N,N,N,N,3235658,10849,70.1,0.4,65.9,0.4,5.1,0.2,136872,3053,68.3,2.2,61.1,2.5,8.5,1.6,35420,3246,67.8,3.2,60.7,3.7,9.8,3.7,104419,2110,68.4,2.2,63.3,2.4,5.1,1.3,N,N,N,N,N,N,N,N,215449,10339,69.7,1.6,64.1,1.6,7.9,1.3,72525,5518,69.1,2.9,62.2,3.0,8.9,2.1,659994,1824,68.9,1.0,63.7,1.0,7.1,0.8,2826557,2773,70.3,0.4,66.2,0.4,4.9,0.3,3046516,3303,80.3,0.4,75.7,0.4,4.8,0.3,1558606,3173,86.4,0.5,81.3,0.5,4.6,0.3,1487910,2746,73.8,0.6,69.8,0.6,5.1,0.4,252508,7157,62.9,1.6,58.2,1.7,6.8,1.3,315679,12057,54.6,1.7,44.7,1.8,18.1,2.0,315088,9272,50.5,1.7,43.7,1.6,13.2,1.5,2710311,4175,80.4,0.4,76.5,0.4,4.2,0.2,270607,9332,67.3,1.6,62.5,1.6,7.1,1.1,643365,14202,77.3,0.9,72.9,1.0,5.2,0.5,807416,16524,81.3,0.8,76.8,0.7,4.6,0.4,988923,15017,85.3,0.6,82.4,0.6,2.7,0.3,2.6,(X),(X),(X),(X),(X),(X),(X)
0400000US09,09,Connecticut,2786786,2953,67.8,0.4,63.5,0.4,6.0,0.3,204199,3185,47.0,1.4,36.4,1.5,20.5,2.1,223019,1738,76.8,1.4,67.6,1.3,10.7,1.0,930035,2365,84.6,0.7,79.8,0.8,5.2,0.5,556192,1681,85.0,0.8,81.1,0.8,4.5,0.5,401881,1246,70.8,1.0,68.2,1.1,3.7,0.5,228688,1269,27.8,1.3,26.7,1.4,4.1,1.1,242772,1152,6.3,0.5,6.0,0.5,3.9,2.1,N,N,N,N,N,N,N,N,2264467,7316,67.3,0.4,63.7,0.4,5.0,0.3,243995,3528,69.1,1.5,61.0,1.7,11.2,1.4,N,N,N,N,N,N,N,N,91658,1494,70.9,2.2,65.5,2.5,6.8,1.9,N,N,N,N,N,N,N,N,141001,7284,71.7,2.3,63.7,2.4,10.8,1.7,38802,3996,71.1,4.5,63.0,4.7,10.1,2.9,285747,1379,70.0,1.5,61.9,1.5,11.1,1.3,2125650,3379,67.1,0.4,63.7,0.4,4.6,0.3,2111127,1683,81.2,0.5,76.7,0.5,5.3,0.3,1041475,1591,86.3,0.5,81.3,0.6,5.3,0.4,1069652,1321,76.3,0.7,72.1,0.7,5.4,0.4,165152,6057,67.1,1.8,62.7,2.0,6.6,1.3,141793,7347,50.7,2.5,35.4,2.1,30.0,2.5,213030,6903,49.1,1.8,42.8,1.8,12.9,1.8,1888108,1911,81.8,0.4,77.7,0.5,4.7,0.3,170451,6704,62.7,1.9,54.7,1.8,12.7,1.9,530024,9876,80.2,0.9,75.6,0.9,5.7,0.6,481228,8599,84.1,1.0,79.8,1.1,4.6,0.5,706405,10303,86.0,0.6,83.5,0.6,2.7,0.3,3.0,(X),(X),(X),(X),(X),(X),(X)
0400000US10,10,Delaware,682968,1488,64.8,0.9,60.9,1.0,5.6,0.6,50682,1815,48.8,3.2,39.1,3.1,19.0,4.1,58351,1126,75.4,3.3,66.7,3.4,10.6,2.9,231229,1584,82.6,1.3,78.6,1.5,4.4,0.9,126353,1119,82.2,1.6,78.9,1.6,3.9,0.9,99272,775,61.8,2.7,59.6,2.6,3.4,1.0,61737,841,22.5,2.6,21.4,2.4,5.2,2.4,55344,636,6.4,1.6,6.0,1.5,6.5,5.3,N,N,N,N,N,N,N,N,509254,1990,64.6,0.9,61.2,1.0,4.9,0.6,132545,1740,64.6,1.7,58.6,2.0,8.9,1.5,N,N,N,N,N,N,N,N,19916,946,67.5,5.5,63.6,5.2,4.0,2.6,N,N,N,N,N,N,N,N,N,N,N,N,N,N,N,N,N,N,N,N,N,N,N,N,35913,356,65.7,3.3,60.6,4.0,6.4,2.8,488018,1018,64.5,1.0,61.2,1.0,4.7,0.6,515205,1447,77.7,0.9,73.7,1.1,4.8,0.6,249767,1158,83.2,1.1,78.5,1.3,4.9,0.8,265438,824,72.5,1.3,69.1,1.4,4.6,0.7,45371,2972,66.5,4.2,63.4,4.2,4.4,2.0,47405,4320,48.1,3.8,37.9,3.8,21.3,4.8,61144,4301,44.4,2.9,39.8,2.9,10.1,3.3,456854,1173,78.0,1.1,74.5,1.1,4.1,0.6,45535,3379,60.9,4.0,56.1,3.9,7.8,2.6,146968,4988,74.7,1.7,70.7,1.9,4.8,1.1,138602,4921,80.4,1.6,77.2,1.6,3.7,1.0,125749,4609,85.3,1.7,82.7,1.6,2.6,0.8,2.3,(X),(X),(X),(X),(X),(X),(X)
0400000US11,11,District of Columbia,487471,1214,66.9,0.8,60.0,1.0,8.1,0.9,32723,1252,28.6,4.5,18.4,3.3,33.0,8.0,53730,914,73.8,3.4,58.1,4.2,12.3,2.9,193762,859,85.4,1.5,78.0,1.8,7.0,1.2,76006,645,76.6,2.3,70.0,2.7,8.3,1.9,60986,396,65.3,3.4,62.1,3.5,4.8,1.7,36283,517,28.0,2.7,27.3,2.8,2.3,1.6,33981,540,9.6,2.6,9.3,2.6,2.5,4.3,N,N,N,N,N,N,N,N,187020,2500,77.3,1.3,73.7,1.3,1.9,0.5,255271,1807,58.0,1.3,48.7,1.7,14.7,1.6,N,N,N,N,N,N,N,N,15998,1017,71.5,5.3,64.6,7.2,4.7,2.9,N,N,N,N,N,N,N,N,21230,2776,74.3,7.7,69.9,7.8,5.4,3.5,N,N,N,N,N,N,N,N,39029,279,76.0,4.9,73.0,5.1,3.5,2.1,170244,625,77.5,1.4,73.6,1.4,2.0,0.6,384484,757,78.9,1.1,71.1,1.3,7.6,0.9,183299,611,81.0,1.5,71.2,1.8,8.4,1.2,201185,701,76.9,1.6,71.0,2.0,6.8,1.1,21216,2208,70.3,5.7,63.8,6.1,8.8,4.1,54953,4631,42.9,3.4,28.9,3.5,32.4,5.7,42778,3236,42.2,3.6,33.6,3.7,20.1,4.6,330754,860,79.7,1.1,73.2,1.4,6.9,0.9,39720,3287,59.5,4.5,51.7,4.8,13.0,3.8,69679,4398,69.2,2.8,58.2,3.4,13.8,2.8,55021,3789,77.2,3.6,67.6,3.6,10.6,2.6,166334,4376,89.7,1.2,86.4,1.3,2.7,0.6,5.0,(X),(X),(X),(X),(X),(X),(X)
0400000US12,12,Florida,14686816,8439,61.1,0.2,57.0,0.2,6.2,0.2,952996,9898,43.2,0.9,33.5,1.0,21.4,1.3,1145737,6964,74.9,0.8,65.9,0.8,10.5,0.6,4806883,9835,82.4,0.3,77.4,0.3,5.5,0.2,2579771,6785,79.8,0.4,76.1,0.5,4.5,0.2,2104854,4163,60.4,0.5,57.9,0.5,4.2,0.3,1484665,4542,22.4,0.5,21.5,0.5,4.1,0.5,1611910,4538,5.3,0.3,5.0,0.3,5.5,1.2,14499684,12428,61.1,0.2,57.0,0.2,6.2,0.2,11520388,20266,59.8,0.2,56.2,0.2,5.3,0.2,2060140,10359,64.7,0.6,57.9,0.6,10.0,0.5,44581,3290,54.6,3.4,49.4,3.8,8.6,3.4,324214,4653,66.8,1.3,63.5,1.3,4.6,0.9,7358,2140,57.7,9.5,47.5,10.1,14.3,9.4,543003,17673,73.3,1.1,67.1,1.3,8.1,0.9,187132,8744,63.7,1.8,58.1,1.8,8.0,1.1,2879041,3116,66.9,0.4,62.5,0.4,6.2,0.4,9288503,8114,58.4,0.2,54.9,0.2,5.3,0.2,10637245,7335,76.6,0.2,72.0,0.2,5.5,0.1,5286129,6175,82.1,0.3,76.9,0.3,5.4,0.2,5351116,5457,71.3,0.3,67.1,0.4,5.6,0.2,783563,13112,66.3,0.8,61.0,0.9,7.9,0.8,1115704,20959,49.1,0.9,38.6,0.9,21.3,1.1,1259569,20579,42.4,0.8,37.3,0.8,11.8,1.0,9491508,8102,76.8,0.2,72.7,0.3,4.9,0.2,1204199,19492,63.8,0.8,57.9,0.9,9.3,0.7,2890736,29523,74.3,0.4,70.0,0.4,5.7,0.3,2800171,28303,79.2,0.4,75.0,0.4,4.7,0.2,2596402,24422,83.1,0.4,80.2,0.4,2.9,0.2,3.3,(X),(X),(X),(X),(X),(X),(X)
0400000US13,13,Georgia,7296655,5230,65.8,0.3,60.6,0.3,7.0,0.2,574022,7439,41.9,1.3,30.8,1.1,25.2,1.8,647773,7005,72.7,1.0,61.5,1.1,13.2,0.9,2808413,9575,81.6,0.4,76.0,0.4,5.8,0.3,1349601,5974,79.1,0.6,75.1,0.7,4.8,0.4,976385,4055,59.9,0.9,57.2,0.8,4.4,0.5,527259,4030,23.5,0.8,22.5,0.9,3.9,1.0,413202,3154,5.4,0.6,5.1,0.6,5.7,2.2,N,N,N,N,N,N,N,N,4664529,10157,65.4,0.3,61.6,0.3,4.9,0.3,2108618,6716,65.6,0.6,57.4,0.5,11.8,0.5,17071,2797,59.7,7.4,48.0,7.7,15.1,6.5,204038,3024,67.4,1.6,63.3,1.7,5.2,1.0,N,N,N,N,N,N,N,N,238202,10154,75.1,1.9,69.7,2.1,6.3,1.3,61340,4851,62.0,3.3,53.0,3.5,11.7,2.9,480486,3555,73.6,1.4,68.4,1.5,6.0,0.8,4429600,4561,65.0,0.3,61.2,0.3,4.9,0.3,5782172,7936,76.4,0.3,71.0,0.3,6.2,0.2,2856927,6378,82.4,0.4,76.5,0.4,5.7,0.3,2925245,5359,70.5,0.4,65.6,0.4,6.7,0.3,501650,11860,66.6,1.3,60.0,1.4,9.6,0.9,672494,16025,49.3,1.3,37.2,1.2,24.3,1.5,712567,15212,39.7,1.0,33.7,0.8,14.6,1.2,5134399,8988,76.8,0.3,72.2,0.3,5.3,0.2,741097,16355,58.9,1.0,52.4,1.0,11.0,1.0,1545654,22525,74.0,0.8,69.2,0.8,6.2,0.4,1361307,19286,80.9,0.6,75.8,0.7,5.0,0.4,1486341,18453,85.0,0.5,81.9,0.5,2.9,0.3,3.2,(X),(X),(X),(X),(X),(X),(X)
0400000US15,15,Hawaii,1030247,1318,65.4,0.6,58.9,0.7,4.5,0.4,66273,2358,43.3,3.0,32.8,3.1,19.5,3.7,90250,2165,75.7,2.9,57.1,3.4,8.0,2.0,355997,2313,82.9,1.0,73.7,1.2,4.1,0.6,183891,1171,83.6,1.3,80.0,1.6,3.1,0.7,149344,861,65.9,1.9,63.9,1.9,2.8,0.6,87772,897,25.5,1.8,25.0,1.7,1.9,1.4,96720,1024,7.2,1.2,7.2,1.2,0.0,2.4,N,N,N,N,N,N,N,N,287971,2619,67.9,1.1,57.1,1.2,4.2,0.8,20777,1670,78.4,6.7,50.9,7.2,4.2,3.7,N,N,N,N,N,N,N,N,437132,6617,60.4,0.9,58.4,1.0,2.6,0.5,82091,2902,65.8,2.6,60.4,2.4,7.4,1.9,14499,2254,71.4,6.0,47.8,7.7,3.8,3.9,185102,8442,71.3,1.6,64.5,1.6,7.8,1.3,71131,570,70.8,2.8,57.9,2.9,8.1,2.4,268767,806,67.6,1.1,57.0,1.1,4.1,0.8,779482,1947,79.0,0.7,71.4,0.8,4.0,0.4,399700,1315,84.3,0.9,73.4,1.1,4.1,0.6,379782,1344,73.3,1.1,69.2,1.1,3.9,0.6,63534,3131,63.2,3.4,58.1,3.4,4.8,1.9,57551,3924,40.9,3.8,33.3,4.1,17.9,4.3,77178,5034,47.1,2.9,43.3,2.9,6.5,1.7,689232,2109,79.4,0.6,73.3,0.8,3.6,0.4,48328,3421,61.6,4.0,58.0,4.2,5.8,1.9,194564,6754,76.5,1.5,70.7,1.6,5.4,0.8,230955,7954,80.9,1.2,73.0,1.5,3.1,0.8,215385,6169,84.3,1.1,79.2,1.3,2.1,0.5,4.0,(X),(X),(X),(X),(X),(X),(X)
0400000US16,16,Idaho,1134919,2735,66.6,0.6,62.9,0.5,5.1,0.4,86564,2967,53.3,2.8,43.9,3.2,17.3,3.2,102224,2372,80.0,2.4,72.5,2.4,8.8,1.8,404632,2748,82.0,0.9,78.4,0.9,3.9,0.5,206047,2031,82.9,1.1,79.7,1.3,3.6,0.8,160551,1344,61.9,1.6,59.8,1.7,3.3,0.7,92007,1157,22.5,2.2,21.7,2.1,3.5,1.7,82894,903,5.9,1.0,5.7,1.0,3.1,3.2,N,N,N,N,N,N,N,N,1060943,3216,66.5,0.6,63.0,0.6,4.8,0.4,N,N,N,N,N,N,N,N,13232,1758,65.8,5.7,58.1,4.9,11.8,5.6,N,N,N,N,N,N,N,N,N,N,N,N,N,N,N,N,22781,2566,77.0,3.7,71.6,4.2,7.0,3.4,17811,1787,65.4,6.5,60.9,6.5,6.7,3.3,93045,949,73.5,1.9,67.8,2.2,7.3,1.6,995101,1831,66.0,0.6,62.6,0.6,4.7,0.4,873454,2968,78.3,0.6,74.6,0.6,4.3,0.4,442684,2585,86.1,0.8,81.6,0.9,4.6,0.5,430770,2236,70.3,1.0,67.4,1.1,4.0,0.5,91639,4719,58.9,2.6,55.5,2.9,5.9,1.8,91925,5064,57.7,2.4,49.4,2.5,14.4,2.3,107137,4725,47.5,2.4,43.4,2.5,8.5,1.7,771230,2608,78.1,0.6,74.9,0.6,3.7,0.4,75885,4564,67.4,2.6,64.0,2.8,5.1,1.6,222010,7306,75.7,1.4,71.9,1.3,5.0,0.9,274332,7115,78.7,1.3,75.7,1.4,3.1,0.5,199003,6208,83.9,1.2,81.1,1.1,2.8,0.6,1.6,(X),(X),(X),(X),(X),(X),(X)
0400000US17,17,Illinois,10028611,5654,66.6,0.2,61.7,0.2,7.2,0.2,758065,5955,46.7,1.1,35.4,0.9,23.7,1.2,915559,4488,75.8,0.7,65.1,0.8,13.4,0.8,3606348,4587,82.9,0.3,77.7,0.3,6.0,0.2,1866298,4059,82.2,0.5,77.9,0.5,5.1,0.3,1334258,2230,65.2,0.6,62.3,0.6,4.3,0.3,786835,3055,25.1,0.7,24.2,0.7,3.4,0.6,761248,2300,5.6,0.4,5.4,0.4,4.0,1.3,N,N,N,N,N,N,N,N,7283054,15246,67.0,0.2,63.0,0.2,5.7,0.2,1390971,6447,60.8,0.7,50.8,0.7,16.1,0.7,18523,2430,68.3,5.5,59.5,5.8,11.8,4.5,442435,3631,67.6,1.0,64.4,1.1,4.6,0.7,N,N,N,N,N,N,N,N,785215,14150,72.3,0.8,67.1,0.9,7.2,0.7,103375,7140,69.5,2.4,60.7,2.7,12.2,2.0,1310993,3275,72.2,0.6,66.5,0.6,7.8,0.5,6792119,4731,66.6,0.2,62.8,0.2,5.5,0.2,7722463,4815,78.8,0.2,73.6,0.2,6.4,0.2,3860969,3418,84.6,0.3,78.7,0.3,6.7,0.2,3861494,3372,73.0,0.4,68.5,0.4,6.0,0.2,660730,11034,65.2,1.0,60.2,1.0,7.7,0.7,790397,17288,51.8,0.9,38.5,0.8,25.5,1.3,781974,14489,45.8,0.8,39.0,0.8,14.8,1.0,6806904,4622,79.2,0.2,74.7,0.2,5.5,0.2,796389,15288,63.2,0.9,56.4,0.9,10.7,0.8,1861248,20761,75.9,0.5,70.2,0.5,7.4,0.4,1958871,16657,81.7,0.4,77.1,0.4,5.3,0.2,2190396,18762,85.7,0.3,83.2,0.3,2.7,0.2,2.6,(X),(X),(X),(X),(X),(X),(X)
0400000US18,18,Indiana,4943927,3992,65.8,0.3,61.4,0.3,6.6,0.2,376583,5319,47.4,1.4,36.9,1.3,22.2,1.6,423825,4790,73.8,1.3,64.8,1.3,12.0,1.0,1729271,4657,82.9,0.4,77.9,0.5,5.9,0.4,931801,2757,81.9,0.6,78.3,0.7,4.4,0.3,689291,2141,63.4,0.9,61.2,0.9,3.5,0.4,407768,1685,25.5,0.8,24.5,0.9,3.9,0.8,385388,1446,6.1,0.5,5.9,0.5,3.3,1.5,N,N,N,N,N,N,N,N,4303914,6747,66.0,0.3,62.1,0.3,5.8,0.2,404306,3640,62.1,1.3,53.7,1.3,13.4,1.5,11852,1737,64.1,6.1,55.9,6.9,12.4,5.7,64289,2077,61.6,2.9,58.7,2.9,4.6,1.4,N,N,N,N,N,N,N,N,103543,5252,71.3,2.2,65.1,2.2,8.8,1.8,55387,3913,69.8,2.8,60.0,3.8,13.8,3.6,207853,1940,70.9,1.5,64.8,1.7,8.5,1.4,4206955,3750,65.9,0.3,62.0,0.3,5.8,0.2,3774188,5002,78.1,0.3,73.4,0.4,5.8,0.2,1883265,3541,83.7,0.4,78.8,0.5,5.5,0.4,1890923,3321,72.5,0.5,68.1,0.5,6.0,0.3,312857,7700,67.3,1.2,61.4,1.2,8.8,1.0,402192,10414,50.9,1.4,37.8,1.5,25.7,2.0,500362,11137,43.1,1.0,37.2,1.0,13.4,1.1,3350363,4462,78.6,0.3,74.5,0.4,5.0,0.2,387052,8684,58.6,1.4,51.5,1.3,12.1,1.2,1200296,14834,76.5,0.6,72.1,0.7,5.7,0.4,961920,12663,82.3,0.5,78.4,0.5,4.6,0.3,801095,12818,86.9,0.6,84.8,0.6,2.3,0.3,2.3,(X),(X),(X),(X),(X),(X),(X)
0400000US19,19,Iowa,2364068,2622,68.9,0.3,65.5,0.4,4.8,0.3,176695,3463,58.4,1.6,49.9,1.9,14.6,1.7,212897,2734,83.6,1.2,76.4,1.4,8.5,1.1,756932,3509,86.5,0.5,82.7,0.6,4.3,0.5,444972,2427,86.2,0.6,83.4,0.7,3.2,0.4,333972,1548,70.1,0.9,68.2,1.0,2.7,0.5,207986,1348,27.9,1.1,27.3,1.1,2.1,0.8,230614,1006,7.1,0.7,6.9,0.6,3.3,1.9,N,N,N,N,N,N,N,N,2216274,4107,68.8,0.3,65.7,0.4,4.5,0.3,48821,2206,66.0,2.8,56.1,3.5,14.7,3.7,N,N,N,N,N,N,N,N,36400,1603,67.8,3.8,66.0,4.0,2.6,1.6,N,N,N,N,N,N,N,N,35535,3469,77.3,3.6,70.5,4.3,8.9,3.2,19380,2265,68.6,4.4,60.7,4.5,11.6,4.0,75726,1691,71.4,2.7,64.9,2.8,8.9,2.0,2177644,2214,68.9,0.3,65.8,0.4,4.4,0.3,1748773,3501,83.0,0.4,79.3,0.4,4.3,0.3,881198,2937,87.1,0.5,83.2,0.6,4.2,0.3,867575,2724,78.8,0.5,75.3,0.6,4.3,0.4,153677,4784,75.3,1.5,71.4,1.7,5.1,1.1,176790,7717,60.1,2.1,47.7,2.0,20.6,2.1,207184,6983,51.1,1.8,45.3,1.7,11.3,1.4,1535876,3200,82.9,0.4,79.7,0.4,3.7,0.3,116801,4262,65.2,2.1,59.3,2.2,9.0,1.9,499984,8086,80.1,0.7,76.2,0.8,4.8,0.5,503326,8315,85.3,0.6,82.0,0.7,3.7,0.5,415765,8674,88.2,0.7,87.0,0.7,1.3,0.3,2.0,(X),(X),(X),(X),(X),(X),(X)
0400000US20,20,Kansas,2161001,3328,68.8,0.4,64.8,0.5,5.1,0.3,167282,4100,55.2,1.8,45.4,1.8,17.5,1.9,203633,4189,78.5,1.4,71.2,1.5,8.1,1.1,729638,4206,84.8,0.7,79.9,0.8,4.6,0.4,406178,3042,84.1,0.8,80.9,0.8,3.4,0.4,295395,2029,69.9,1.3,68.2,1.4,2.4,0.5,175235,1769,30.2,1.3,29.4,1.2,2.7,0.8,183640,1210,7.8,0.8,7.7,0.8,1.9,1.5,N,N,N,N,N,N,N,N,1882306,4676,68.8,0.4,65.3,0.4,4.4,0.3,115143,3435,63.8,2.4,53.9,2.6,13.3,2.3,18680,2160,70.1,3.8,65.0,4.2,6.4,2.7,46358,1771,72.2,3.7,66.6,4.4,7.4,2.8,N,N,N,N,N,N,N,N,58161,4596,75.5,2.9,71.8,2.9,4.7,1.4,39561,3323,68.7,4.0,60.7,3.8,11.0,3.1,157719,1390,74.2,1.9,69.4,2.0,6.0,1.1,1792492,1739,68.6,0.4,65.1,0.5,4.3,0.3,1634844,4443,81.2,0.4,77.0,0.5,4.4,0.3,822889,3833,86.4,0.6,81.3,0.7,4.5,0.5,811955,3126,75.9,0.7,72.6,0.7,4.2,0.4,151724,5063,69.2,1.8,65.1,1.9,5.6,1.2,159935,7049,53.9,2.2,43.7,1.9,18.9,2.1,194457,5920,49.8,1.7,43.5,1.4,12.5,1.7,1431211,4212,81.5,0.5,77.8,0.5,3.8,0.3,130194,5882,65.0,1.9,60.4,2.0,7.2,1.4,400065,10001,78.4,1.0,73.9,1.1,5.4,0.7,455209,8800,83.0,0.9,79.0,1.0,3.7,0.5,445743,8645,87.7,0.7,85.1,0.8,2.0,0.3,2.0,(X),(X),(X),(X),(X),(X),(X)
0400000US21,21,Kentucky,3356058,3740,61.3,0.4,56.8,0.4,6.6,0.3,243090,5242,46.8,1.7,36.6,1.7,20.8,1.9,272942,5074,75.3,1.4,65.2,1.5,10.9,1.1,1182385,4401,79.8,0.7,74.0,0.7,6.5,0.6,622748,2866,74.7,0.9,71.6,0.9,4.1,0.5,488879,1962,52.9,1.1,51.3,1.1,3.0,0.4,296843,1811,19.5,1.1,18.9,1.0,2.6,1.0,249171,1738,4.5,0.6,4.4,0.6,1.9,1.7,N,N,N,N,N,N,N,N,3024488,4388,61.0,0.4,56.9,0.4,6.1,0.3,239929,4092,63.5,1.7,54.3,1.7,13.2,1.5,N,N,N,N,N,N,N,N,31110,1856,64.0,5.0,61.5,5.2,3.2,1.8,N,N,N,N,N,N,N,N,N,N,N,N,N,N,N,N,29412,3139,56.2,4.4,48.5,4.5,11.7,4.9,59822,2180,76.8,2.5,68.1,2.6,7.1,2.2,2992221,3012,60.8,0.4,56.8,0.4,6.1,0.3,2566954,5167,73.0,0.4,68.1,0.5,5.9,0.3,1267504,4882,78.4,0.6,72.6,0.7,6.1,0.5,1299450,3458,67.7,0.6,63.8,0.6,5.7,0.4,208897,6102,66.7,2.1,61.1,2.0,8.3,1.3,386213,12489,42.9,1.6,32.3,1.5,24.6,2.2,491012,11809,33.9,1.3,29.5,1.2,12.8,1.5,2294012,4526,72.7,0.4,68.5,0.5,5.3,0.4,349389,9688,47.0,1.4,41.5,1.5,11.4,1.5,830135,11538,71.4,0.7,66.7,0.9,6.3,0.6,616428,9794,78.7,0.8,74.3,0.9,4.8,0.5,498060,10165,85.5,0.6,83.2,0.7,2.1,0.3,2.2,(X),(X),(X),(X),(X),(X),(X)
0400000US22,22,Louisiana,3342298,4109,61.0,0.4,56.6,0.4,6.4,0.3,264193,5609,41.6,1.6,31.7,1.7,22.9,2.4,335283,4879,72.6,1.6,63.3,1.6,11.4,1.2,1137920,5239,77.8,0.7,72.8,0.7,5.5,0.4,619283,3444,75.4,0.9,72.3,0.9,4.0,0.5,463438,2292,54.9,1.1,52.9,1.1,3.7,0.6,276067,2256,23.5,1.2,22.8,1.2,2.8,0.8,246114,2033,4.9,0.6,4.8,0.6,2.2,2.0,N,N,N,N,N,N,N,N,2217496,4875,61.7,0.4,58.8,0.5,4.0,0.3,995731,4378,58.9,0.8,51.7,0.9,11.8,0.9,17700,1447,53.2,5.9,48.8,6.4,7.4,4.0,47827,1578,63.4,4.3,59.6,4.3,5.9,2.7,N,N,N,N,N,N,N,N,32854,3866,68.4,3.7,63.5,3.8,5.1,2.5,29120,3534,61.7,5.5,52.0,5.1,13.8,4.9,101094,1759,63.1,2.2,57.9,2.0,6.1,1.6,2154064,2466,61.7,0.5,58.8,0.5,4.0,0.3,2555924,4681,72.4,0.5,67.8,0.5,5.6,0.3,1248503,3681,78.5,0.7,73.3,0.7,5.4,0.5,1307421,3353,66.6,0.7,62.6,0.8,5.8,0.5,221344,6350,65.0,1.8,59.8,1.7,7.8,1.2,391584,11479,47.4,1.5,37.5,1.5,20.8,1.7,400954,10940,38.2,1.3,33.3,1.3,12.5,1.6,2220641,4965,72.4,0.5,68.5,0.6,4.7,0.3,372701,10675,52.6,1.4,47.4,1.4,10.0,1.2,796747,11794,70.5,0.8,66.7,0.9,5.1,0.5,571104,11322,78.2,0.9,74.0,1.0,4.3,0.6,480089,10288,83.8,0.8,81.4,0.9,2.1,0.4,2.9,(X),(X),(X),(X),(X),(X),(X)
0400000US23,23,Maine,1076115,1869,65.7,0.5,61.5,0.5,6.0,0.5,75341,2159,53.3,2.6,43.7,2.6,18.0,2.5,78542,1528,78.5,2.4,67.4,2.7,13.8,2.4,334601,1576,84.2,1.0,79.3,1.0,5.2,0.7,219100,1145,81.7,1.3,78.5,1.4,3.7,0.6,173580,961,65.5,1.3,62.8,1.3,4.1,0.7,99466,679,24.5,1.7,23.7,1.7,3.4,1.5,95485,553,6.5,1.1,6.3,1.0,3.0,2.8,N,N,N,N,N,N,N,N,1035018,2378,65.9,0.5,61.9,0.5,5.8,0.5,N,N,N,N,N,N,N,N,5888,963,59.9,8.5,50.8,8.2,11.6,6.6,N,N,N,N,N,N,N,N,N,N,N,N,N,N,N,N,N,N,N,N,N,N,N,N,14456,1686,60.6,6.1,49.3,6.4,18.2,5.7,10288,733,67.4,6.8,58.7,7.3,8.5,6.2,1028320,2183,65.9,0.5,61.9,0.5,5.8,0.5,805823,1899,78.9,0.6,74.4,0.7,5.4,0.5,396025,1606,83.4,0.8,78.1,0.9,5.6,0.6,409798,1257,74.6,1.0,70.7,1.1,5.2,0.7,54150,2992,67.7,3.3,60.9,3.3,10.1,2.5,89779,5326,46.8,2.7,35.7,2.8,23.6,3.9,137418,4744,44.0,2.0,37.1,2.0,15.0,2.3,727281,1721,79.0,0.6,75.1,0.7,4.5,0.5,51516,3660,52.2,2.6,44.0,3.1,15.7,4.0,258269,6657,75.2,1.3,70.9,1.3,5.5,0.8,209907,6001,82.8,1.2,79.4,1.2,3.4,0.6,207589,6327,86.5,0.9,83.7,1.1,2.8,0.5,1.8,(X),(X),(X),(X),(X),(X),(X)
0400000US24,24,Maryland,4426344,3603,68.7,0.3,64.4,0.3,5.5,0.2,332827,5183,45.0,1.6,35.7,1.4,20.4,1.6,380030,3404,76.0,1.2,67.3,1.5,10.7,1.2,1560844,3867,85.0,0.4,79.7,0.5,4.8,0.4,867523,3377,84.4,0.6,81.0,0.7,3.7,0.3,623827,1672,67.7,0.8,65.7,0.8,3.0,0.5,350376,2063,29.1,1.1,28.3,1.1,2.9,0.7,310917,2162,6.5,0.6,6.2,0.6,3.8,1.8,N,N,N,N,N,N,N,N,2757332,7834,68.1,0.3,64.7,0.4,4.0,0.2,1240425,4724,69.2,0.7,62.7,0.7,8.7,0.6,11347,1425,66.3,6.4,57.4,8.0,10.0,6.2,223544,2628,68.3,1.5,64.9,1.5,4.6,0.9,N,N,N,N,N,N,N,N,128547,7300,78.6,2.4,73.6,2.4,5.9,1.2,62435,4934,70.7,2.5,64.3,3.0,7.6,2.1,250017,1435,76.3,1.6,71.5,1.8,5.0,1.0,2647117,3890,67.8,0.3,64.4,0.4,4.1,0.2,3432224,3534,80.7,0.3,76.1,0.3,4.8,0.2,1663250,3271,85.2,0.4,79.8,0.5,4.9,0.3,1768974,2807,76.5,0.5,72.6,0.6,4.7,0.3,276382,8584,71.1,1.6,66.3,1.7,6.3,1.2,242727,10468,48.6,2.0,36.8,1.8,24.0,2.2,364562,11181,48.5,1.3,43.3,1.3,10.4,1.2,3052194,3080,81.3,0.3,77.2,0.3,4.1,0.2,301090,9920,62.9,1.6,56.1,1.9,10.8,1.5,811977,14318,76.9,0.8,72.4,0.8,5.5,0.5,797386,12036,83.2,0.6,78.5,0.7,3.8,0.4,1141741,15801,88.0,0.5,85.2,0.6,2.2,0.3,3.0,(X),(X),(X),(X),(X),(X),(X)
0400000US25,25,Massachusetts,5192522,3103,67.3,0.3,63.1,0.3,6.1,0.3,373618,4417,45.9,1.4,36.7,1.2,19.8,1.5,449485,3534,74.2,1.3,66.3,1.4,10.3,1.0,1791980,3524,84.6,0.5,79.8,0.5,5.4,0.4,989414,2497,84.0,0.5,80.5,0.6,4.0,0.4,728158,1657,68.9,0.8,65.5,0.9,5.0,0.5,415087,1976,28.1,1.1,27.0,1.1,3.9,0.8,444780,2049,5.8,0.5,5.7,0.5,2.8,1.7,N,N,N,N,N,N,N,N,4361377,9352,67.2,0.3,63.5,0.3,5.4,0.2,288715,4944,67.7,1.6,59.9,1.9,11.2,1.5,9735,1424,59.8,6.9,50.4,7.4,15.7,7.4,249470,2058,67.7,1.4,63.3,1.5,6.3,1.2,N,N,N,N,N,N,N,N,213507,9465,68.8,2.0,60.6,2.2,11.8,1.8,68019,5446,70.2,3.1,61.5,3.1,12.0,2.6,375127,1270,66.2,1.4,58.6,1.6,11.2,1.4,4200947,5785,67.3,0.3,63.7,0.3,5.2,0.2,3959037,4100,80.4,0.3,75.8,0.4,5.5,0.3,1941914,3573,84.9,0.4,79.3,0.5,6.3,0.4,2017123,2712,76.0,0.5,72.5,0.5,4.6,0.2,300517,7608,68.4,1.5,64.1,1.3,6.2,1.0,343157,12403,46.0,1.6,34.5,1.5,24.8,2.2,447517,10665,41.9,1.3,35.9,1.3,14.2,1.4,3509552,3773,81.2,0.3,77.1,0.4,4.9,0.2,316330,9491,58.6,1.6,52.2,1.8,10.9,1.6,903607,16910,78.7,0.7,73.0,0.8,7.1,0.6,838996,12617,82.3,0.6,78.1,0.7,4.9,0.5,1450619,18643,87.0,0.5,84.4,0.5,2.8,0.3,3.5,(X),(X),(X),(X),(X),(X),(X)
0400000US26,26,Michigan,7933124,4538,63.3,0.2,57.1,0.2,9.6,0.2,606441,5470,47.3,0.9,34.2,0.9,27.7,1.4,679554,3514,76.3,1.0,64.8,1.1,15.0,0.9,2684147,4249,81.9,0.4,74.6,0.4,8.8,0.3,1539359,3450,79.0,0.6,73.5,0.5,6.9,0.3,1144589,2132,56.2,0.7,52.8,0.7,6.1,0.4,654376,1888,19.7,0.7,18.8,0.6,4.7,0.7,624658,1619,4.4,0.3,4.2,0.3,5.3,1.5,N,N,N,N,N,N,N,N,6429700,7377,64.1,0.2,58.8,0.2,8.2,0.2,1052881,5058,57.1,0.7,46.6,0.7,18.5,0.8,41079,2311,62.3,3.0,53.5,3.2,14.0,3.2,185062,2390,65.9,1.4,62.4,1.4,5.3,0.9,N,N,N,N,N,N,N,N,118192,6655,69.2,2.3,59.1,2.5,14.6,2.1,104349,5473,64.5,2.1,54.3,2.2,15.7,2.2,270467,1551,68.5,1.6,58.9,1.8,13.9,1.2,6294269,3527,64.0,0.2,58.8,0.2,8.1,0.2,6047649,4519,75.7,0.3,69.1,0.3,8.6,0.2,3014576,3633,80.1,0.4,72.6,0.4,9.1,0.3,3033073,2890,71.3,0.4,65.5,0.4,8.1,0.3,476671,10037,69.0,1.2,61.7,1.1,10.6,0.9,757782,16072,51.9,1.0,35.8,1.0,31.0,1.3,846743,13400,39.8,0.9,32.1,0.8,19.3,1.1,5368095,4342,75.6,0.3,69.6,0.3,7.8,0.2,519232,10938,54.2,1.2,44.0,1.2,18.8,1.3,1655695,18744,71.2,0.6,63.8,0.6,10.4,0.4,1757687,19480,79.1,0.5,73.3,0.5,7.3,0.3,1435481,15455,84.1,0.4,81.1,0.4,3.4,0.2,2.3,(X),(X),(X),(X),(X),(X),(X)
0400000US27,27,Minnesota,4090960,3853,71.1,0.3,67.2,0.3,5.4,0.2,302687,4719,55.7,1.1,46.3,1.2,16.9,1.4,358909,2493,83.7,1.0,76.0,1.1,9.0,0.9,1423639,3724,87.4,0.4,83.3,0.5,4.5,0.3,806281,2703,86.7,0.5,83.2,0.6,4.0,0.3,563680,1696,69.9,0.8,67.2,0.8,3.8,0.3,316627,1332,26.2,1.0,25.4,0.9,3.1,0.7,319137,1144,6.0,0.5,5.8,0.5,3.1,1.3,N,N,N,N,N,N,N,N,3669401,5359,71.3,0.3,67.9,0.3,4.7,0.2,156527,2884,66.6,2.1,56.4,2.5,15.4,2.1,39281,2283,58.4,3.6,46.6,4.1,20.2,4.5,131231,2195,71.1,2.0,67.1,2.3,5.6,1.2,N,N,N,N,N,N,N,N,48083,4626,75.8,3.0,70.1,3.2,7.6,2.6,45470,4181,74.3,3.3,64.7,3.5,12.9,3.2,132835,1498,76.7,1.6,70.5,1.9,8.1,1.6,3591957,3272,71.2,0.3,67.8,0.3,4.7,0.2,3152509,3586,83.7,0.3,79.6,0.3,4.8,0.2,1593690,3145,87.7,0.3,82.8,0.4,5.5,0.3,1558819,2340,79.5,0.5,76.3,0.5,4.0,0.2,272359,5697,74.4,1.2,70.3,1.3,5.3,0.8,263207,8275,58.0,1.3,45.4,1.4,21.7,1.5,319480,7390,53.4,1.1,46.6,1.2,12.6,1.2,2793600,3334,83.7,0.3,80.1,0.3,4.2,0.2,176585,6864,65.8,1.4,59.2,1.5,10.1,1.3,738252,10848,79.9,0.6,75.2,0.7,5.8,0.4,940412,10056,85.5,0.4,81.7,0.5,4.3,0.3,938351,10267,88.1,0.5,86.1,0.5,2.1,0.2,2.0,(X),(X),(X),(X),(X),(X),(X)
0400000US28,28,Mississippi,2245729,3691,59.8,0.5,53.8,0.6,9.3,0.4,195713,5725,40.0,2.0,27.7,1.8,29.7,3.0,211138,5239,70.6,1.7,55.3,1.9,19.5,1.9,757553,6088,78.7,0.8,71.6,1.0,8.3,0.6,404861,3725,74.4,1.2,70.7,1.3,4.7,0.7,314723,2627,53.3,1.5,50.9,1.6,4.3,0.8,194033,2547,21.8,1.5,21.3,1.5,2.6,0.9,167708,2793,4.1,0.7,3.8,0.6,7.3,4.3,N,N,N,N,N,N,N,N,1398360,3576,60.0,0.6,56.2,0.7,5.4,0.5,793450,4871,58.8,0.9,49.0,1.1,16.2,1.0,N,N,N,N,N,N,N,N,N,N,N,N,N,N,N,N,N,N,N,N,N,N,N,N,15100,2575,75.2,6.9,67.8,7.1,8.3,7.4,13575,2485,63.5,7.8,49.5,8.4,17.9,10.7,39465,2950,72.4,4.2,66.9,4.5,5.6,3.2,1377620,2015,59.9,0.6,56.1,0.7,5.4,0.5,1688275,5654,71.9,0.6,65.5,0.7,8.2,0.4,821888,4245,76.8,0.7,70.1,0.8,7.4,0.6,866387,3403,67.3,0.8,61.1,0.9,9.0,0.7,143310,5592,71.6,2.1,60.6,2.4,14.9,2.1,286197,9485,49.6,1.4,34.3,1.5,30.8,2.1,323793,9505,35.5,1.5,30.4,1.4,14.4,1.8,1477137,5133,72.1,0.6,66.9,0.7,6.7,0.4,263208,8191,52.1,1.6,45.1,1.7,13.4,1.5,474492,9966,70.7,1.3,64.5,1.4,8.5,0.8,441631,10064,78.4,1.0,73.9,1.1,5.0,0.6,297806,9511,82.8,1.0,79.9,1.1,2.7,0.5,2.8,(X),(X),(X),(X),(X),(X),(X)
0400000US29,29,Missouri,4621637,3851,65.3,0.3,60.8,0.3,6.3,0.2,339503,4737,51.9,1.4,41.2,1.3,19.1,1.4,399596,4228,77.2,1.2,67.9,1.3,10.6,1.0,1562605,4428,83.5,0.5,78.3,0.5,5.7,0.4,875246,3317,80.6,0.6,76.7,0.7,4.7,0.4,658486,1961,61.7,0.8,59.5,0.8,3.5,0.4,402179,1721,23.6,0.8,22.8,0.9,3.4,0.8,384022,1326,5.6,0.5,5.4,0.5,3.1,1.5,N,N,N,N,N,N,N,N,3938916,5405,65.6,0.3,61.7,0.3,5.4,0.3,488020,4000,63.1,1.2,54.0,1.4,13.9,1.3,18998,1948,62.1,4.7,56.5,5.1,6.5,2.7,63395,2103,63.2,2.8,61.0,2.9,2.9,1.4,N,N,N,N,N,N,N,N,42814,3706,74.1,3.0,67.8,3.4,5.3,2.0,65040,4391,60.5,3.3,53.3,3.3,11.0,2.4,117258,1868,72.0,2.0,65.1,2.2,7.9,1.6,3874103,3266,65.5,0.3,61.7,0.3,5.3,0.3,3495933,4517,77.9,0.3,73.2,0.4,5.6,0.2,1723951,3952,82.4,0.4,77.0,0.5,5.8,0.4,1771982,3349,73.6,0.5,69.5,0.6,5.4,0.3,291761,7234,71.1,1.5,65.8,1.4,7.2,0.9,398683,11290,51.4,1.5,38.9,1.5,24.3,1.6,517130,11240,42.9,1.0,37.2,1.1,13.1,1.3,3096337,4789,78.0,0.4,73.9,0.4,5.0,0.2,343981,8877,56.2,1.3,49.9,1.3,11.3,1.2,1006325,12059,75.0,0.6,70.2,0.6,6.2,0.5,911152,12270,81.4,0.5,76.9,0.7,5.0,0.4,834879,14378,86.9,0.5,84.9,0.6,2.0,0.2,2.2,(X),(X),(X),(X),(X),(X),(X)
0400000US30,30,Montana,764534,2110,65.2,0.7,61.5,0.7,5.2,0.6,56511,2626,48.4,3.1,41.4,3.0,13.8,2.6,67004,2133,78.2,3.4,69.0,3.7,9.8,2.9,235784,2235,83.2,1.3,78.5,1.5,5.0,0.9,152421,1444,80.9,1.4,78.3,1.5,3.1,0.7,121347,818,66.1,1.8,63.5,1.9,3.9,0.9,67245,644,23.0,2.1,22.3,2.0,2.8,2.0,64222,550,5.8,1.1,5.8,1.1,0.3,0.6,N,N,N,N,N,N,N,N,697611,2169,65.3,0.7,62.1,0.7,4.5,0.5,N,N,N,N,N,N,N,N,40203,1804,58.3,3.4,48.4,3.2,16.9,3.3,N,N,N,N,N,N,N,N,N,N,N,N,N,N,N,N,N,N,N,N,N,N,N,N,12928,1954,66.4,6.5,58.5,7.0,10.8,6.1,16203,991,66.1,6.5,63.5,7.0,2.8,2.0,688772,1363,65.4,0.7,62.2,0.8,4.5,0.6,576556,2202,78.4,0.9,74.2,0.9,4.8,0.6,291841,1439,83.3,1.1,77.7,1.3,5.8,0.9,284715,1617,73.4,1.3,70.6,1.3,3.7,0.7,42995,2720,65.0,3.5,62.8,3.6,3.5,1.5,74538,4885,55.0,3.7,47.1,3.5,14.4,3.2,78492,4447,46.7,2.6,42.9,2.6,8.0,2.3,509552,2314,78.4,0.8,74.9,0.9,4.2,0.5,39414,3470,62.3,3.8,54.9,4.1,11.9,3.5,158170,5104,75.7,1.6,71.9,1.8,5.0,1.1,167588,5729,79.1,1.7,75.6,1.9,3.9,0.9,144380,5933,84.9,1.3,82.9,1.4,2.1,0.6,2.2,(X),(X),(X),(X),(X),(X),(X)
0400000US31,31,Nebraska,1381588,2389,70.7,0.4,67.0,0.4,4.6,0.3,109379,3244,57.8,2.4,49.7,2.4,13.3,1.7,132980,2954,82.7,1.7,74.8,2.1,7.9,1.7,456882,2703,86.9,0.7,82.5,0.8,4.2,0.6,259495,1766,87.0,0.9,83.8,1.1,3.2,0.4,187221,1034,72.5,1.2,70.6,1.2,2.6,0.6,113788,789,31.7,1.7,31.1,1.7,1.7,0.8,121843,713,7.4,0.9,7.3,0.9,1.5,1.6,N,N,N,N,N,N,N,N,1250892,3677,70.7,0.4,67.4,0.4,4.0,0.4,51413,1712,69.8,3.3,58.4,3.6,15.3,3.1,8537,1241,56.0,7.0,46.4,6.7,17.1,8.0,N,N,N,N,N,N,N,N,N,N,N,N,N,N,N,N,31874,2955,73.3,4.0,68.9,4.0,5.9,2.5,16904,2446,72.6,6.5,64.4,7.1,10.5,4.8,84230,1273,74.1,2.3,69.0,2.4,6.0,1.5,1201878,1932,70.5,0.4,67.3,0.4,4.0,0.4,1036578,2735,83.8,0.5,79.7,0.5,4.1,0.4,523140,2122,88.2,0.6,83.6,0.7,4.0,0.4,513438,2072,79.2,0.8,75.7,0.8,4.3,0.6,93904,3788,75.7,1.8,71.2,2.1,5.9,1.4,101614,5198,60.9,2.3,49.2,2.4,19.2,2.6,116468,4404,52.0,1.9,46.1,1.9,11.3,1.5,903598,2854,83.9,0.5,80.4,0.5,3.6,0.4,73474,4832,68.5,2.6,62.0,2.8,9.5,2.5,250263,5825,80.1,1.0,76.1,1.1,4.9,0.8,306404,7297,86.3,0.8,83.0,1.0,3.0,0.5,273457,7023,89.0,0.9,86.5,1.0,2.0,0.5,1.8,(X),(X),(X),(X),(X),(X),(X)
0400000US32,32,Nevada,1971348,3351,67.5,0.4,63.3,0.5,5.6,0.4,129657,3759,45.5,2.5,36.8,2.2,19.0,3.0,155593,3016,78.4,2.1,69.8,2.4,9.4,1.8,757555,3194,83.3,0.7,78.6,0.8,4.8,0.4,357516,2419,80.3,1.0,76.6,1.0,4.4,0.6,286259,1472,62.5,1.5,60.1,1.5,3.8,0.7,163814,1448,26.1,1.5,25.2,1.5,3.7,1.3,120954,1198,7.6,1.2,6.9,1.2,8.7,4.5,N,N,N,N,N,N,N,N,1494421,8592,67.3,0.5,63.4,0.6,5.2,0.4,139132,2829,64.9,2.2,57.9,2.4,9.8,1.6,24365,1881,60.9,4.5,49.9,5.0,17.6,6.3,127566,2258,66.8,1.9,64.1,1.9,3.7,0.9,N,N,N,N,N,N,N,N,134610,7436,72.3,2.1,68.6,2.2,4.7,1.1,40425,3738,71.8,3.3,64.8,4.0,8.5,2.8,421750,2410,72.3,1.1,67.7,1.2,6.1,0.8,1222198,1938,66.2,0.6,62.5,0.7,4.9,0.5,1556923,2752,78.3,0.5,73.9,0.6,5.0,0.3,798950,2327,85.5,0.6,80.4,0.7,5.0,0.4,757973,1745,70.7,0.9,67.0,0.9,5.0,0.5,130850,5166,61.9,2.5,58.2,2.4,5.6,1.4,140764,8828,49.1,2.4,39.7,2.4,19.1,3.5,168962,7286,46.0,2.3,40.6,2.2,11.5,1.9,1401330,2924,78.3,0.5,74.3,0.6,4.5,0.3,219183,7747,70.9,1.7,66.1,1.8,6.8,1.2,426318,9539,76.2,1.2,71.9,1.3,5.5,0.7,446486,11048,79.8,0.9,75.6,1.1,4.4,0.6,309343,8661,84.2,0.8,81.6,1.0,2.1,0.5,2.2,(X),(X),(X),(X),(X),(X),(X)
0400000US33,33,New Hampshire,1057821,1862,69.8,0.6,66.2,0.7,5.1,0.5,79391,2241,50.7,2.8,42.2,3.1,16.5,3.4,82449,1608,76.4,2.1,70.3,2.7,7.7,2.1,351352,2391,86.2,0.8,81.6,1.0,5.1,0.7,219765,1747,85.8,1.1,83.4,1.2,2.7,0.6,159196,868,72.4,1.8,69.7,1.9,3.6,0.9,85619,825,28.4,2.5,27.1,2.4,4.5,1.7,80049,604,5.8,1.1,5.7,1.1,2.0,2.4,N,N,N,N,N,N,N,N,1010177,2623,69.8,0.6,66.3,0.7,4.9,0.4,N,N,N,N,N,N,N,N,N,N,N,N,N,N,N,N,21119,1193,70.9,5.2,63.6,5.3,10.4,5.1,N,N,N,N,N,N,N,N,N,N,N,N,N,N,N,N,N,N,N,N,N,N,N,N,22622,760,67.7,4.2,61.2,4.3,9.3,5.7,995394,1956,69.8,0.6,66.4,0.7,4.8,0.4,812762,1598,82.4,0.7,78.6,0.8,4.4,0.4,404957,1312,87.3,0.7,83.1,0.7,4.6,0.5,407805,1285,77.5,1.0,74.2,1.1,4.3,0.7,59094,3369,66.6,2.9,64.0,2.7,3.6,1.6,50316,4303,50.5,3.2,40.9,3.4,18.9,4.3,90928,4687,49.9,2.5,43.6,2.3,12.4,2.3,730313,1759,83.0,0.7,79.5,0.8,4.1,0.5,52507,3834,63.0,3.4,57.1,3.3,8.6,2.5,216174,6480,81.7,1.2,77.5,1.4,5.2,1.1,209327,6775,84.9,1.1,81.1,1.2,4.3,0.9,252305,7729,86.8,1.1,84.7,1.2,2.3,0.6,2.3,(X),(X),(X),(X),(X),(X),(X)
0400000US34,34,New Jersey,6872328,4031,65.9,0.3,61.9,0.3,5.9,0.2,479419,5164,39.4,1.3,31.4,1.2,20.2,1.4,541983,3402,71.4,1.2,63.4,1.2,11.0,0.8,2414337,3084,82.8,0.4,78.4,0.4,5.1,0.3,1341348,2159,83.2,0.5,79.3,0.5,4.6,0.3,960550,2063,67.6,0.8,64.8,0.8,4.2,0.4,573357,2971,26.6,0.8,25.7,0.8,3.7,0.7,561334,2642,6.2,0.5,5.9,0.5,4.4,1.5,N,N,N,N,N,N,N,N,4887322,13926,65.3,0.3,61.9,0.3,5.2,0.2,892925,5391,64.9,0.8,57.9,0.9,10.5,0.9,15014,1929,61.0,7.4,54.1,6.8,11.4,5.2,515110,3352,68.7,0.9,65.7,0.9,4.3,0.6,N,N,N,N,N,N,N,N,481253,14089,70.3,1.3,65.8,1.3,6.3,0.8,79447,4998,66.9,2.8,60.3,2.7,9.6,2.3,1019224,2255,69.1,0.7,64.4,0.8,6.8,0.6,4389602,4774,65.0,0.3,61.7,0.3,4.9,0.2,5258218,3628,79.0,0.3,74.6,0.3,5.4,0.2,2606687,2852,85.4,0.3,80.8,0.4,5.2,0.3,2651531,2666,72.6,0.5,68.5,0.5,5.6,0.3,419910,9630,64.5,1.3,60.7,1.4,5.8,0.7,375931,12182,44.3,1.4,32.6,1.2,26.5,2.1,479418,10476,43.6,1.4,37.6,1.3,13.7,1.2,4716235,2828,79.8,0.3,75.9,0.3,4.8,0.2,467251,11978,63.3,1.1,56.9,1.2,10.0,1.0,1394412,18317,76.1,0.6,71.6,0.7,5.8,0.4,1109831,18001,82.3,0.7,78.0,0.7,5.0,0.4,1744741,18132,85.7,0.4,83.0,0.4,2.9,0.2,3.0,(X),(X),(X),(X),(X),(X),(X)
0400000US35,35,New Mexico,1533601,2295,61.7,0.6,57.7,0.6,5.6,0.5,121410,4299,42.2,2.5,33.9,2.2,18.9,3.2,144383,3976,74.2,2.1,65.9,2.3,9.7,1.9,517265,4995,78.6,1.3,73.9,1.4,4.7,0.5,282804,3571,77.6,1.1,74.0,1.3,4.5,0.7,215169,1572,58.8,1.6,57.2,1.5,2.7,0.6,134583,1866,21.6,1.6,20.8,1.6,3.6,1.5,117987,1692,5.4,1.2,5.4,1.2,0.0,2.8,N,N,N,N,N,N,N,N,1088992,8015,61.8,0.7,58.2,0.7,5.1,0.5,33610,2122,62.3,5.9,56.0,5.9,1.7,1.1,131347,2705,53.8,2.6,48.7,2.8,9.3,2.2,21747,1266,69.6,4.7,64.2,4.5,5.4,2.9,N,N,N,N,N,N,N,N,227849,7537,65.3,1.7,60.9,1.8,6.5,1.3,29377,2819,57.5,4.5,51.7,4.6,8.7,3.3,636287,1602,62.6,1.0,58.3,1.1,6.6,0.7,700195,1503,62.1,0.7,58.7,0.7,4.4,0.6,1159621,4279,74.1,0.7,69.8,0.8,5.0,0.4,576573,3095,79.7,1.0,74.7,1.0,4.9,0.6,583048,2765,68.6,1.1,65.0,1.1,5.1,0.6,97870,4860,61.8,2.5,56.6,2.7,8.1,2.1,180337,8529,51.9,2.3,44.1,2.3,14.9,2.0,159906,6961,42.1,2.3,37.3,2.2,11.4,2.0,1015238,4173,74.1,0.8,70.4,0.8,4.3,0.4,153396,7878,58.2,2.5,54.1,2.6,7.0,1.4,290230,7355,70.4,1.7,66.7,1.7,4.7,0.7,312193,9252,77.4,1.3,73.4,1.4,4.3,0.8,259419,6857,83.7,1.0,80.5,1.1,2.8,0.5,2.5,(X),(X),(X),(X),(X),(X),(X)
0400000US36,36,New York,15419544,6522,63.0,0.2,59.0,0.2,6.2,0.1,1128132,6841,35.5,0.7,27.3,0.6,22.6,1.2,1391304,4641,68.9,0.7,60.0,0.8,12.1,0.6,5348685,5605,81.0,0.3,76.4,0.3,5.4,0.2,2862019,3902,80.5,0.4,77.0,0.4,4.2,0.2,2145617,2220,62.9,0.5,60.4,0.5,4.0,0.3,1282045,2902,23.4,0.5,22.5,0.5,3.6,0.5,1261742,2419,5.8,0.3,5.5,0.3,4.3,1.0,N,N,N,N,N,N,N,N,10444651,25520,63.3,0.2,60.0,0.2,5.1,0.1,2297349,8820,61.1,0.4,54.8,0.5,10.2,0.5,51081,3292,58.9,3.8,52.1,3.8,11.0,2.8,1078202,6012,63.5,0.6,60.0,0.7,5.4,0.5,N,N,N,N,N,N,N,N,1319601,24699,63.6,0.7,58.0,0.8,8.6,0.6,221990,10507,61.4,1.9,55.0,1.9,9.8,1.3,2356065,3345,63.2,0.6,57.7,0.6,8.5,0.4,9546905,7065,63.3,0.2,60.1,0.2,4.8,0.1,11747625,5080,76.1,0.2,71.7,0.2,5.6,0.1,5767037,3829,81.7,0.3,76.6,0.3,5.8,0.2,5980588,3507,70.8,0.3,67.0,0.4,5.3,0.2,882925,10853,61.8,1.0,57.5,0.9,7.0,0.6,1351314,23535,43.9,0.7,33.8,0.6,22.9,0.9,1327319,16115,39.0,0.7,33.8,0.6,13.2,0.7,10356321,5534,77.1,0.2,73.3,0.2,4.8,0.1,1347752,19503,58.5,0.8,52.8,0.9,9.6,0.6,2881957,27624,73.2,0.4,68.9,0.4,5.8,0.3,2564725,24234,79.7,0.4,75.7,0.4,4.8,0.2,3561887,26487,85.4,0.3,82.8,0.4,2.9,0.2,3.4,(X),(X),(X),(X),(X),(X),(X)
0400000US37,37,North Carolina,7099385,5523,65.0,0.2,59.6,0.3,6.9,0.2,521092,8842,43.9,1.2,32.1,1.1,24.2,1.5,618386,8182,76.2,1.1,62.2,1.3,12.6,1.1,2546037,8533,82.8,0.4,76.7,0.5,6.0,0.3,1291784,6574,80.0,0.6,76.2,0.6,4.5,0.4,1019050,2853,60.3,0.8,57.7,0.8,4.2,0.4,596206,3884,22.1,0.8,21.1,0.8,4.3,0.8,506830,3177,5.1,0.4,4.9,0.4,3.1,1.6,N,N,N,N,N,N,N,N,5109319,10133,64.8,0.3,60.3,0.3,5.4,0.2,1456624,5550,63.7,0.6,55.5,0.7,12.0,0.7,75780,3146,60.4,2.6,53.3,2.8,10.2,2.2,126750,2639,66.6,1.7,61.9,1.9,5.2,1.6,N,N,N,N,N,N,N,N,254775,10033,76.8,1.4,70.2,1.3,6.4,1.0,73182,4856,63.6,3.4,56.7,3.5,9.0,2.2,417034,3101,75.5,1.3,68.3,1.2,7.4,1.0,4961787,5090,64.5,0.3,60.1,0.3,5.3,0.2,5475257,7605,77.2,0.3,71.4,0.3,6.0,0.2,2698061,6117,83.2,0.4,76.5,0.4,5.5,0.3,2777196,5643,71.4,0.5,66.4,0.6,6.7,0.3,460980,9376,66.8,1.3,60.3,1.2,9.3,1.0,678497,17042,52.6,1.1,39.3,1.3,25.1,1.8,780625,16105,41.3,0.9,35.4,0.9,13.8,1.2,4856871,8247,77.3,0.3,72.6,0.4,5.3,0.2,675001,15542,61.1,1.0,55.3,1.1,9.5,0.9,1418625,15767,75.2,0.6,69.6,0.7,6.7,0.5,1439231,18018,80.0,0.5,74.9,0.5,4.9,0.3,1324014,17093,85.0,0.5,82.0,0.5,2.7,0.3,2.8,(X),(X),(X),(X),(X),(X),(X)
0400000US38,38,North Dakota,513875,1708,69.6,0.7,66.2,0.7,3.5,0.5,40693,1742,49.3,3.8,43.8,3.8,10.7,3.3,59851,1857,83.1,2.2,73.7,2.7,6.8,1.6,154811,1915,88.8,1.0,84.6,1.2,2.9,0.7,95347,983,87.9,1.2,86.0,1.3,2.1,0.7,70800,922,70.9,2.2,69.3,2.2,2.3,0.8,42126,264,31.0,2.5,30.6,2.5,1.2,0.8,50247,321,6.8,1.1,6.7,1.1,1.5,1.6,N,N,N,N,N,N,N,N,475222,1338,70.2,0.7,67.3,0.7,2.8,0.4,N,N,N,N,N,N,N,N,22401,1121,55.8,4.3,45.9,4.3,17.8,4.1,N,N,N,N,N,N,N,N,N,N,N,N,N,N,N,N,N,N,N,N,N,N,N,N,N,N,N,N,N,N,N,N,N,N,N,N,N,N,N,N,471677,981,70.2,0.7,67.5,0.7,2.7,0.4,380809,1842,84.4,0.8,80.4,0.8,3.2,0.4,196588,1387,88.0,1.0,82.5,1.2,3.7,0.6,184221,1549,80.4,1.2,78.1,1.3,2.6,0.6,30041,1976,74.9,3.2,71.4,3.4,3.1,1.4,41122,3269,61.9,3.6,54.9,3.6,11.3,2.9,37273,2247,57.2,3.9,51.8,4.0,7.1,2.4,320958,1919,84.6,0.8,81.6,0.8,2.5,0.4,16444,1558,64.7,5.2,60.8,5.1,6.1,2.7,86021,3321,81.4,1.4,78.1,1.7,3.6,1.0,122474,4245,86.1,1.2,82.5,1.4,2.6,0.8,96019,3311,88.9,1.3,87.3,1.5,1.0,0.5,1.9,(X),(X),(X),(X),(X),(X),(X)
0400000US39,39,Ohio,9047030,5205,64.9,0.2,60.1,0.2,7.2,0.2,662449,5505,49.2,1.0,38.2,1.1,22.1,1.2,756966,4518,77.9,0.8,68.0,1.0,12.4,0.8,3036209,5675,82.8,0.3,77.2,0.4,6.6,0.3,1750282,3846,80.7,0.4,76.5,0.4,5.1,0.3,1294585,2801,62.3,0.6,59.9,0.6,3.8,0.3,786075,2562,23.0,0.7,22.2,0.7,3.2,0.6,760464,1898,5.2,0.3,5.0,0.3,2.5,1.0,N,N,N,N,N,N,N,N,7723071,6481,65.3,0.2,61.2,0.3,6.2,0.2,998708,4777,60.6,0.7,51.4,0.8,15.0,0.9,16462,1995,56.5,5.9,49.0,5.7,13.4,4.5,143003,3139,67.4,1.8,64.3,1.7,4.4,1.0,N,N,N,N,N,N,N,N,70666,4672,71.6,3.0,64.7,3.1,9.5,2.1,91911,4547,63.2,2.6,54.5,2.4,13.6,2.4,191023,2291,68.2,1.5,61.5,1.7,9.6,1.4,7612949,4197,65.3,0.2,61.2,0.3,6.1,0.2,6838042,5445,77.8,0.2,72.7,0.2,6.4,0.2,3373212,3787,82.5,0.3,76.7,0.3,6.7,0.2,3464830,3912,73.3,0.4,68.9,0.4,6.0,0.2,553161,10197,69.9,1.0,64.7,1.1,7.3,0.7,789965,16890,50.7,0.9,36.2,0.9,28.6,1.2,943114,15089,41.8,0.9,35.4,0.8,15.3,1.0,6081076,5079,77.8,0.2,73.3,0.2,5.7,0.2,593131,12166,54.5,1.0,46.3,1.0,15.1,1.0,2154665,20450,75.2,0.4,70.0,0.4,6.8,0.3,1735221,16856,81.4,0.4,76.9,0.5,5.3,0.3,1598059,17265,86.1,0.4,83.8,0.4,2.4,0.2,2.2,(X),(X),(X),(X),(X),(X),(X)
0400000US40,40,Oklahoma,2817076,3552,63.1,0.4,59.0,0.4,5.4,0.2,207472,4341,48.8,1.6,40.2,1.5,16.3,1.6,269100,4593,74.2,1.3,65.2,1.4,9.3,1.1,954785,5195,80.2,0.7,75.2,0.7,4.8,0.4,508109,3571,77.5,0.9,74.5,1.0,3.7,0.4,398792,2393,61.2,1.0,59.2,1.0,3.2,0.5,253160,1918,22.7,1.2,22.2,1.1,2.6,0.9,225658,1807,6.2,0.6,6.2,0.6,0.7,0.7,N,N,N,N,N,N,N,N,2174487,5750,62.9,0.5,59.4,0.5,4.4,0.3,197120,3457,63.4,1.5,55.4,1.6,11.1,1.7,179991,5230,60.5,1.6,55.4,1.7,8.1,1.2,46520,2029,69.5,3.5,65.3,3.4,4.6,1.5,N,N,N,N,N,N,N,N,69825,5003,69.8,2.7,66.1,2.8,4.3,1.7,147167,6853,62.8,2.0,57.1,2.3,8.3,1.6,165680,1793,69.3,1.6,65.5,1.7,4.3,1.0,2099662,2646,62.7,0.5,59.2,0.5,4.4,0.3,2130786,4357,75.3,0.4,70.8,0.5,4.8,0.3,1069096,3395,81.6,0.6,76.3,0.6,4.5,0.4,1061690,3159,68.9,0.7,65.1,0.7,5.2,0.4,186764,5066,63.4,1.7,58.9,1.8,6.7,1.2,293266,9325,50.5,1.5,40.9,1.5,18.8,1.8,355915,9025,42.8,1.4,37.6,1.3,11.6,1.2,1861686,5319,75.4,0.5,71.6,0.5,4.2,0.3,237563,8601,56.0,1.5,51.0,1.5,8.7,1.4,601181,11895,73.1,0.9,69.1,1.0,4.9,0.5,571895,9870,78.9,0.8,74.6,0.9,4.1,0.5,451047,9562,84.4,0.7,81.9,0.8,1.8,0.3,1.9,(X),(X),(X),(X),(X),(X),(X)
0400000US41,41,Oregon,2986487,3867,64.8,0.5,60.5,0.5,6.5,0.3,198057,4550,45.6,1.8,34.7,1.7,24.0,2.8,240978,2987,76.4,1.7,66.3,1.7,13.0,1.5,1039034,3811,82.8,0.7,78.1,0.8,5.5,0.5,560720,2760,80.6,0.8,77.3,0.9,4.2,0.5,460029,2228,62.2,1.2,59.7,1.2,4.1,0.5,250614,2093,20.8,1.3,19.8,1.3,4.9,1.4,237055,1487,4.4,0.6,4.3,0.6,1.6,1.3,N,N,N,N,N,N,N,N,2613986,7437,64.4,0.5,60.3,0.5,6.3,0.3,45532,2115,62.8,3.9,57.1,3.5,9.1,2.6,51750,5010,65.6,4.1,59.7,4.5,9.0,2.9,105753,2370,65.4,2.4,62.1,2.5,4.9,1.6,N,N,N,N,N,N,N,N,91448,7579,74.8,2.8,69.3,2.8,7.3,1.8,72297,4534,65.5,3.3,58.8,3.5,10.1,2.4,257703,1288,74.5,1.4,68.8,1.8,7.6,1.3,2481587,2878,63.8,0.5,59.8,0.5,6.2,0.4,2300761,3218,77.5,0.5,73.0,0.5,5.7,0.3,1153684,2928,83.3,0.6,78.2,0.7,6.0,0.4,1147077,3224,71.6,0.7,67.8,0.8,5.4,0.4,182963,6098,64.4,2.0,60.4,2.1,6.1,1.1,272356,10632,51.5,1.5,40.5,1.6,21.2,2.2,317635,9115,47.4,1.6,41.3,1.7,12.8,1.4,2059783,3505,77.6,0.5,73.8,0.5,4.9,0.3,220855,8161,69.1,1.8,63.6,1.9,7.9,1.1,532130,10631,74.1,1.0,69.5,1.0,6.1,0.7,693249,11407,78.2,0.8,74.2,0.9,5.0,0.5,613549,11366,83.0,0.7,80.6,0.7,2.9,0.4,1.8,(X),(X),(X),(X),(X),(X),(X)
0400000US42,42,Pennsylvania,9993885,4265,63.0,0.2,59.2,0.2,5.9,0.1,737437,6087,44.3,0.9,35.5,0.8,19.8,0.9,819683,4366,73.2,0.8,64.5,0.8,11.5,0.6,3176673,4497,82.1,0.4,77.6,0.4,5.3,0.2,1919348,3176,81.6,0.5,78.4,0.5,3.8,0.2,1453368,2533,63.9,0.5,61.7,0.5,3.4,0.3,897051,2726,23.8,0.6,23.0,0.6,3.4,0.4,990325,1998,5.4,0.3,5.2,0.3,4.4,1.4,N,N,N,N,N,N,N,N,8528794,8807,63.5,0.2,60.3,0.2,4.9,0.1,963869,5311,58.7,0.7,50.4,0.8,13.8,0.8,13309,1693,55.6,6.9,42.3,6.4,24.0,10.2,231655,2336,65.6,1.3,61.8,1.3,5.8,0.9,N,N,N,N,N,N,N,N,168235,7116,61.1,1.9,53.4,1.9,12.5,1.9,85928,5235,63.6,3.1,55.8,2.5,12.1,1.9,370781,1962,60.7,1.3,54.3,1.4,10.3,1.3,8350395,4501,63.5,0.2,60.4,0.2,4.8,0.1,7369072,5121,77.4,0.3,73.2,0.3,5.2,0.1,3655621,4344,82.2,0.4,77.6,0.4,5.4,0.2,3713451,3648,72.7,0.3,69.0,0.4,5.0,0.2,544320,8976,66.4,0.8,61.6,0.9,7.3,0.7,736812,19411,45.5,1.0,34.3,1.0,24.8,1.6,979767,15009,41.0,0.9,36.0,0.8,12.2,0.8,6549389,4593,77.9,0.3,74.3,0.3,4.5,0.2,615943,11729,53.8,0.9,48.4,0.9,10.1,0.8,2405283,19832,75.1,0.5,70.9,0.4,5.5,0.3,1631757,16454,81.6,0.5,78.0,0.6,4.2,0.3,1896406,18812,86.1,0.3,83.9,0.3,2.5,0.2,2.9,(X),(X),(X),(X),(X),(X),(X)
0400000US44,44,Rhode Island,852688,2006,65.6,0.8,61.2,0.8,6.3,0.7,65848,1826,45.6,3.2,36.5,3.3,19.7,4.0,76688,1275,76.2,2.9,68.8,3.1,9.4,1.9,283971,2030,84.3,1.2,79.4,1.3,5.0,0.9,159763,1363,81.8,1.7,77.6,1.8,4.9,1.1,120158,1131,66.5,1.8,62.5,1.9,6.0,1.5,68456,833,24.9,2.3,24.3,2.3,2.3,1.7,77804,646,5.4,1.2,5.1,1.2,5.0,4.5,N,N,N,N,N,N,N,N,727090,3837,65.2,0.8,61.4,0.9,5.6,0.7,42538,2611,67.5,4.0,59.0,4.3,11.0,3.1,N,N,N,N,N,N,N,N,N,N,N,N,N,N,N,N,N,N,N,N,N,N,N,N,45418,3889,70.5,3.3,62.8,3.4,10.2,3.1,13668,2387,61.1,7.7,52.0,8.0,14.8,8.4,80875,933,71.4,2.4,63.9,2.8,10.1,2.7,697849,1532,64.9,0.8,61.1,0.9,5.5,0.7,640580,1729,79.4,0.9,74.5,1.0,5.7,0.7,314820,1280,83.8,1.0,78.1,1.3,6.0,0.9,325760,1410,75.1,1.4,71.0,1.4,5.3,0.8,49418,2989,74.2,3.2,69.9,3.0,5.6,1.6,65329,5489,48.7,4.2,38.9,4.1,20.0,4.0,86041,4423,42.6,3.0,37.9,3.1,10.9,2.8,563892,1679,79.8,0.9,75.3,1.0,5.2,0.7,73030,5241,63.6,3.9,55.2,4.1,13.3,3.6,158498,6123,76.5,1.8,71.7,2.0,6.2,1.0,148247,5967,83.0,1.5,79.2,1.7,4.0,0.9,184117,6306,86.5,1.6,83.1,1.7,2.9,0.7,3.2,(X),(X),(X),(X),(X),(X),(X)
0400000US45,45,South Carolina,3475548,3902,62.6,0.4,57.4,0.5,6.9,0.3,266932,5231,44.2,1.4,32.9,1.3,20.4,2.0,298837,5820,74.1,1.5,62.3,1.7,12.5,1.3,1191247,6096,81.7,0.6,75.3,0.7,6.3,0.4,623547,4545,76.9,0.8,73.4,0.9,4.3,0.5,522603,2162,57.8,0.9,55.2,0.9,4.3,0.6,312146,2623,21.6,1.1,20.4,1.1,5.6,1.7,260236,2103,5.3,0.7,5.2,0.7,2.3,1.6,N,N,N,N,N,N,N,N,2402494,4276,63.1,0.5,59.0,0.5,5.0,0.3,945913,5228,60.6,0.9,53.0,1.0,11.5,0.7,10826,1701,61.3,7.3,45.8,6.7,17.2,8.5,44075,2115,68.5,4.3,61.3,3.9,6.4,3.4,N,N,N,N,N,N,N,N,42868,4245,74.3,3.2,68.2,3.4,6.1,2.1,27691,2876,60.7,4.5,48.3,4.8,14.2,4.6,111338,1314,73.9,2.0,65.1,2.2,6.9,1.4,2337760,2786,62.7,0.5,58.8,0.5,5.0,0.3,2636234,5140,74.9,0.5,69.4,0.5,6.2,0.3,1288824,3584,80.6,0.5,74.7,0.6,5.5,0.4,1347410,3800,69.5,0.7,64.3,0.8,6.9,0.4,209166,6377,68.7,1.7,61.3,2.0,10.4,1.7,332254,11834,47.2,1.6,35.3,1.7,24.9,2.0,388501,10556,34.5,1.5,29.8,1.4,13.4,1.7,2337397,4952,75.1,0.5,70.3,0.5,5.4,0.3,341833,9663,54.7,1.5,48.5,1.6,11.3,1.4,774014,14992,73.5,0.8,68.4,0.9,6.4,0.6,646281,11727,79.2,0.9,73.9,0.9,5.1,0.5,575269,12192,84.7,0.6,81.7,0.8,2.4,0.4,3.3,(X),(X),(X),(X),(X),(X),(X)
0400000US46,46,South Dakota,622551,1198,69.7,0.8,66.5,0.8,4.1,0.5,48178,2159,56.4,2.8,48.7,3.0,13.6,2.9,61471,2499,78.4,3.0,71.8,3.2,7.4,2.0,193759,2929,87.1,1.3,83.0,1.3,3.8,0.7,117298,1608,87.1,1.5,84.9,1.7,2.4,0.6,88041,1142,72.1,2.2,70.7,2.2,2.0,0.6,53708,1104,36.2,2.7,35.7,2.7,1.3,1.2,60096,1014,8.0,1.6,7.8,1.6,1.7,1.9,N,N,N,N,N,N,N,N,557824,1763,70.6,0.8,68.5,0.9,2.5,0.3,N,N,N,N,N,N,N,N,42581,1214,60.9,3.5,44.9,3.3,26.2,3.9,N,N,N,N,N,N,N,N,N,N,N,N,N,N,N,N,N,N,N,N,N,N,N,N,N,N,N,N,N,N,N,N,10243,1000,61.3,8.4,54.3,7.9,10.5,6.6,553096,1442,70.6,0.8,68.5,0.9,2.5,0.3,460569,2207,83.1,0.9,79.6,0.9,3.6,0.5,235497,1719,85.5,1.1,81.5,1.2,3.7,0.6,225072,1666,80.5,1.2,77.6,1.2,3.5,0.7,40640,2369,77.0,3.5,72.1,3.4,6.2,2.1,52321,2972,59.7,3.3,48.3,3.7,19.0,3.8,52871,2877,53.0,3.2,47.7,3.2,9.7,2.5,399098,2578,83.8,0.9,80.8,0.9,3.1,0.4,32782,3183,61.8,4.3,56.0,4.2,9.4,3.5,129976,4556,84.1,1.4,81.1,1.6,3.5,0.8,127363,4320,84.4,1.6,81.2,1.6,3.1,0.5,108977,4419,89.2,1.3,87.6,1.5,1.2,0.5,2.1,(X),(X),(X),(X),(X),(X),(X)
0400000US47,47,Tennessee,4859230,4812,63.3,0.3,58.6,0.3,6.9,0.2,340962,5803,46.3,1.4,36.0,1.4,22.2,1.8,395575,5096,74.9,1.2,65.7,1.2,11.4,1.2,1717499,5061,81.1,0.5,75.4,0.5,6.3,0.4,901382,3799,77.3,0.6,73.0,0.7,5.3,0.5,713249,2732,59.2,0.8,56.9,0.9,3.9,0.5,431512,2422,21.2,0.9,20.5,0.8,3.5,1.0,359051,1609,5.2,0.4,5.1,0.4,3.2,1.9,N,N,N,N,N,N,N,N,3922687,6514,62.6,0.3,58.8,0.3,5.6,0.2,760008,4215,66.3,0.8,57.4,1.0,13.1,1.0,10555,1510,51.8,8.7,45.5,8.7,8.7,6.5,61624,2215,66.8,3.5,64.0,3.3,3.6,1.3,N,N,N,N,N,N,N,N,58726,5373,73.0,2.4,66.5,2.8,7.8,2.6,42825,3743,59.3,3.8,51.6,4.1,12.2,3.5,140287,3115,73.2,1.8,67.5,2.1,7.1,1.7,3844777,2905,62.4,0.3,58.6,0.3,5.6,0.2,3727705,5303,75.3,0.3,70.3,0.4,6.2,0.3,1840276,4289,81.3,0.5,75.9,0.5,5.8,0.4,1887429,4241,69.5,0.5,64.8,0.5,6.7,0.3,292165,6514,65.7,1.4,59.4,1.4,9.3,1.2,500466,15254,48.4,1.4,36.0,1.4,25.7,1.8,608881,11463,38.6,1.1,32.5,1.0,15.5,1.4,3332130,5046,75.4,0.3,70.8,0.4,5.6,0.2,494575,9427,55.1,1.2,48.1,1.2,12.6,1.1,1148476,14601,73.6,0.6,68.3,0.7,6.9,0.4,904781,14970,80.1,0.7,75.8,0.8,4.6,0.4,784298,13559,85.4,0.6,83.0,0.7,2.2,0.3,2.6,(X),(X),(X),(X),(X),(X),(X)
0400000US48,48,Texas,17989382,8520,65.2,0.2,61.0,0.2,5.9,0.1,1425163,10380,40.9,0.8,32.0,0.7,20.6,0.9,1727899,9883,73.3,0.6,64.2,0.7,10.5,0.5,6945054,11070,79.9,0.2,75.1,0.2,5.1,0.2,3236975,6705,78.7,0.4,75.8,0.4,3.6,0.2,2264489,4780,61.5,0.4,59.4,0.5,3.5,0.2,1280693,4699,25.6,0.6,24.8,0.6,3.3,0.4,1109109,4556,6.3,0.3,6.1,0.3,3.4,0.9,N,N,N,N,N,N,N,N,12916902,34423,65.0,0.2,61.3,0.2,5.0,0.1,2038275,7377,64.0,0.6,56.7,0.6,10.4,0.4,88318,4938,66.1,2.7,60.1,2.7,8.0,1.9,628078,4847,65.0,0.9,61.8,0.9,4.6,0.6,N,N,N,N,N,N,N,N,2060058,34356,68.1,0.5,63.4,0.5,6.7,0.5,245032,10128,64.4,1.9,57.5,1.8,9.4,1.4,5877699,4891,66.4,0.3,61.8,0.3,6.5,0.2,9228238,5493,64.8,0.2,61.4,0.2,4.4,0.1,14174417,9575,75.9,0.2,71.4,0.2,5.2,0.1,7146785,7426,83.6,0.2,78.8,0.3,4.8,0.2,7027632,6589,67.9,0.3,63.9,0.3,5.6,0.2,1333091,16978,59.5,0.7,54.9,0.7,7.5,0.5,1859936,26560,52.4,0.6,43.3,0.6,17.3,0.7,1664113,20112,44.0,0.7,38.8,0.6,11.4,0.7,12446518,10143,76.2,0.2,72.4,0.2,4.4,0.1,2355669,23999,63.6,0.6,59.5,0.6,6.3,0.4,3339389,29255,73.6,0.4,69.3,0.4,5.5,0.3,3473082,30529,79.3,0.3,75.1,0.4,4.4,0.2,3278378,27958,84.7,0.3,82.1,0.3,2.5,0.2,2.3,(X),(X),(X),(X),(X),(X),(X)
0400000US49,49,Utah,1911752,2461,69.5,0.4,66.6,0.5,3.8,0.3,172896,2936,57.7,1.9,50.7,2.0,12.0,1.3,243097,2939,81.1,1.2,76.2,1.3,5.5,0.8,745656,3438,80.9,0.6,78.1,0.7,2.9,0.3,304537,2053,82.4,1.0,80.1,1.1,2.7,0.6,213522,1331,66.7,1.6,65.2,1.7,2.1,0.5,123374,961,24.5,1.7,23.8,1.7,3.0,2.0,108670,718,5.2,0.9,5.0,0.9,2.7,2.6,N,N,N,N,N,N,N,N,1741967,5107,69.6,0.5,66.8,0.5,3.6,0.3,N,N,N,N,N,N,N,N,23239,1566,64.7,5.0,55.9,6.1,13.6,5.4,40084,1644,64.5,3.5,62.5,3.4,2.1,1.1,N,N,N,N,N,N,N,N,52460,4512,71.8,3.5,67.7,3.6,5.7,1.8,22385,2697,70.4,4.9,63.8,5.5,9.0,3.8,195044,1192,71.6,1.6,68.4,1.6,4.3,0.9,1608442,1718,69.4,0.5,66.6,0.6,3.6,0.3,1506812,2785,79.2,0.5,76.4,0.5,3.2,0.3,767421,2522,89.2,0.5,85.6,0.5,3.3,0.3,739391,1952,68.9,0.8,66.8,0.8,3.0,0.4,182228,5258,53.4,1.7,51.9,1.8,2.7,0.9,131248,7417,57.6,2.6,50.1,2.7,12.4,2.1,154358,5608,53.9,2.0,49.3,2.1,8.2,1.6,1263715,2956,78.9,0.5,76.4,0.6,2.7,0.2,113257,5540,68.7,2.2,64.5,2.1,6.1,1.4,324281,8596,78.3,1.3,75.4,1.2,3.5,0.5,451438,8576,78.9,0.8,76.4,0.9,2.5,0.4,374739,9064,82.4,0.9,80.8,1.0,1.5,0.4,2.6,(X),(X),(X),(X),(X),(X),(X)
0400000US50,50,Vermont,507689,1442,69.8,0.8,66.1,0.8,5.1,0.5,38499,1454,53.6,3.0,41.6,3.3,22.4,4.1,41851,1111,74.6,3.9,68.3,3.9,7.9,2.4,156947,918,88.3,1.0,84.3,1.1,4.5,0.9,104010,900,85.9,1.4,82.9,1.6,3.4,0.9,82297,756,71.0,2.2,69.6,2.2,1.9,0.6,43242,362,29.6,2.4,28.3,2.3,4.5,2.3,40843,444,7.9,1.5,7.8,1.5,1.1,1.5,N,N,N,N,N,N,N,N,490729,1170,70.0,0.8,66.3,0.8,5.1,0.5,N,N,N,N,N,N,N,N,N,N,N,N,N,N,N,N,N,N,N,N,N,N,N,N,N,N,N,N,N,N,N,N,N,N,N,N,N,N,N,N,N,N,N,N,N,N,N,N,N,N,N,N,N,N,N,N,486353,990,70.0,0.8,66.4,0.8,5.1,0.5,385105,1662,82.4,0.9,79.0,0.9,4.0,0.5,191626,1420,85.3,1.3,81.1,1.4,4.6,0.8,193479,1029,79.7,1.1,77.0,1.1,3.4,0.5,25521,2356,77.4,3.3,74.6,3.5,3.6,1.7,36471,3365,54.1,4.4,45.3,4.0,16.2,4.2,52033,3264,52.7,3.2,47.0,3.1,10.9,2.4,343254,1276,83.4,0.8,80.3,0.9,3.6,0.5,24281,2402,61.2,4.6,57.9,4.6,5.4,2.2,108576,3801,82.1,1.6,77.4,1.8,5.7,1.3,88945,3370,84.9,1.7,82.8,1.8,2.4,0.7,121452,4197,87.9,1.2,85.7,1.3,2.5,0.9,1.6,(X),(X),(X),(X),(X),(X),(X)
0400000US51,51,Virginia,6105212,5542,67.0,0.2,62.1,0.2,4.8,0.2,454131,6831,42.7,1.2,32.7,1.2,19.9,1.5,546400,6310,75.6,1.1,62.3,1.2,10.5,0.9,2194902,8578,83.9,0.5,77.9,0.5,4.0,0.3,1143008,5114,82.0,0.6,78.9,0.6,3.0,0.3,860940,3469,64.2,0.8,62.5,0.8,2.5,0.3,490192,3368,26.8,0.9,26.3,0.9,1.8,0.5,415639,3106,5.7,0.5,5.6,0.5,1.4,1.1,N,N,N,N,N,N,N,N,4392689,8877,66.6,0.3,62.4,0.3,3.7,0.2,1155486,6691,66.3,0.7,58.6,0.8,9.0,0.6,18220,2749,61.8,6.1,52.7,6.0,8.5,3.9,296775,3333,70.0,1.3,66.6,1.4,3.5,0.7,N,N,N,N,N,N,N,N,154302,8237,78.5,1.8,72.2,1.8,6.6,1.3,82819,5850,67.5,2.5,58.0,2.9,8.8,2.1,354294,3183,76.6,1.3,70.3,1.5,5.3,0.8,4210295,3449,66.3,0.3,62.2,0.3,3.7,0.2,4745250,6868,78.9,0.3,73.5,0.3,4.2,0.2,2353371,5736,84.2,0.3,77.5,0.4,3.8,0.2,2391879,5431,73.7,0.5,69.6,0.5,4.7,0.3,378034,9070,68.0,1.3,62.2,1.3,7.5,0.9,397517,12969,48.9,1.3,38.5,1.4,21.0,1.6,513853,11514,41.5,1.1,37.0,1.1,10.2,1.3,4198850,8073,79.3,0.3,75.0,0.3,3.5,0.2,468452,13571,60.3,1.3,55.5,1.2,7.8,0.8,1113106,16867,76.1,0.7,71.2,0.7,4.8,0.5,1111695,18019,82.0,0.6,77.2,0.7,3.2,0.3,1505597,16706,85.8,0.4,82.3,0.5,1.8,0.2,2.9,(X),(X),(X),(X),(X),(X),(X)
0400000US53,53,Washington,5115345,4276,66.1,0.3,61.3,0.3,6.0,0.3,358578,5290,45.6,1.1,35.2,1.1,21.7,1.6,428831,4207,77.8,1.1,66.1,1.4,11.5,1.2,1837667,4046,82.5,0.5,77.0,0.5,5.1,0.3,987340,3675,81.3,0.6,78.0,0.7,3.8,0.3,746246,2566,62.2,0.9,59.9,0.9,3.7,0.4,395092,2016,21.9,1.0,21.0,1.0,3.9,1.0,361591,1812,4.3,0.4,4.0,0.4,5.9,2.5,4981942,7754,66.1,0.3,61.4,0.3,5.9,0.3,4214585,9183,65.8,0.3,61.4,0.3,5.5,0.3,160438,3290,67.8,2.0,58.8,2.4,9.7,1.9,67931,3690,58.7,3.9,48.0,3.5,17.1,3.1,348752,4412,65.9,1.4,62.1,1.3,5.0,0.8,20490,1151,70.5,5.2,62.0,5.5,9.6,3.7,169746,7782,74.3,1.7,67.3,1.9,8.5,1.7,133403,7057,67.3,2.1,59.3,2.3,10.4,1.8,393934,1727,72.5,1.3,65.4,1.3,8.4,1.0,4015574,3550,65.5,0.3,61.2,0.3,5.4,0.3,4000084,3687,77.9,0.3,72.9,0.4,5.2,0.3,2011645,3118,84.2,0.4,78.0,0.6,5.5,0.4,1988439,2827,71.5,0.5,67.7,0.5,4.9,0.3,324751,7077,60.7,1.4,56.3,1.3,6.7,0.9,412682,11882,48.5,1.7,37.9,1.6,21.6,1.9,548808,13514,46.8,1.3,40.7,1.2,12.4,1.2,3571253,3962,77.9,0.4,73.7,0.4,4.5,0.2,336301,9657,63.6,1.5,57.2,1.4,9.8,1.3,866467,15708,74.0,0.8,69.4,0.8,5.5,0.5,1237356,13549,78.6,0.5,74.2,0.6,4.3,0.4,1131129,12192,84.4,0.5,81.3,0.6,2.8,0.3,2.1,(X),(X),(X),(X),(X),(X),(X)
0400000US54,54,West Virginia,1470905,2302,55.1,0.6,51.6,0.7,6.2,0.5,101458,3560,39.4,2.7,31.5,2.4,19.8,3.3,107992,3134,66.3,2.3,57.9,2.6,12.0,2.2,471116,3250,75.3,1.1,70.2,1.2,6.6,0.7,274382,1790,70.5,1.3,68.1,1.4,3.4,0.7,235300,1213,51.7,1.3,50.2,1.4,3.0,0.7,145341,910,16.9,1.3,16.7,1.3,1.0,0.7,135316,1054,3.5,0.7,3.4,0.7,3.3,4.1,N,N,N,N,N,N,N,N,1395467,2207,55.1,0.6,51.7,0.7,6.1,0.5,48327,1685,50.6,3.6,46.8,3.8,7.1,3.0,N,N,N,N,N,N,N,N,N,N,N,N,N,N,N,N,N,N,N,N,N,N,N,N,N,N,N,N,N,N,N,N,12102,1667,53.0,7.2,45.4,6.9,14.4,8.2,12670,1678,63.6,7.2,58.7,7.7,7.7,4.9,1386292,2033,55.1,0.6,51.6,0.7,6.1,0.5,1088790,3448,68.1,0.7,64.1,0.8,5.7,0.5,542342,2228,73.9,0.9,69.0,1.0,6.3,0.6,546448,2531,62.4,1.1,59.3,1.2,5.0,0.6,79152,4476,56.6,2.9,52.6,3.0,6.9,1.8,170709,7340,37.2,1.9,29.1,1.9,21.8,2.8,238910,7301,30.9,1.6,27.6,1.5,10.6,1.7,980798,3062,68.3,0.7,64.8,0.8,5.0,0.5,139799,5307,42.0,2.5,37.6,2.2,10.6,2.1,405982,8363,66.2,1.2,62.6,1.2,5.4,0.8,248924,6989,74.6,1.5,70.4,1.7,5.5,0.9,186093,7074,84.3,1.3,82.6,1.3,1.7,0.4,1.7,(X),(X),(X),(X),(X),(X),(X)
0400000US55,55,Wisconsin,4444570,3801,68.7,0.3,64.7,0.3,5.7,0.2,324978,4268,54.6,1.1,45.6,1.0,16.3,0.9,392332,2861,81.5,1.1,73.6,1.1,9.6,0.7,1497046,3964,86.4,0.4,81.6,0.5,5.4,0.3,869379,2685,85.1,0.6,81.8,0.6,3.8,0.3,623922,1592,66.6,0.8,64.3,0.8,3.3,0.4,361772,1203,23.5,0.8,22.7,0.7,3.4,0.7,375141,1307,6.1,0.5,5.8,0.5,3.9,1.7,N,N,N,N,N,N,N,N,3962196,5036,69.3,0.3,65.9,0.3,4.8,0.2,232408,2811,58.9,1.7,48.7,2.0,17.4,2.0,34279,1854,62.8,3.5,50.4,3.5,19.8,3.6,77852,2348,67.0,2.4,60.9,2.6,9.1,2.4,N,N,N,N,N,N,N,N,98594,4149,73.0,2.6,66.8,2.6,8.4,1.8,37443,2896,64.1,3.4,55.4,3.7,13.3,4.0,179052,1507,71.3,1.8,66.1,1.9,7.3,1.1,3887829,2601,69.3,0.3,65.9,0.3,4.8,0.2,3382679,3847,81.9,0.3,77.5,0.3,5.1,0.2,1713299,2943,85.2,0.5,80.4,0.4,5.4,0.2,1669380,3154,78.4,0.4,74.6,0.5,4.9,0.3,273130,6662,75.1,1.2,70.4,1.3,6.1,0.8,319988,10140,58.4,1.6,45.7,1.3,21.6,1.5,380698,9272,49.1,1.3,42.4,1.3,13.7,1.3,2990347,4095,81.9,0.3,78.1,0.3,4.6,0.2,242937,7259,64.2,1.5,57.0,1.6,11.1,1.4,982274,11214,79.6,0.6,74.8,0.6,6.0,0.4,935418,11332,84.2,0.5,80.6,0.6,4.2,0.3,829718,11356,87.2,0.5,85.3,0.6,2.0,0.2,2.2,(X),(X),(X),(X),(X),(X),(X)
0400000US56,56,Wyoming,412931,2277,71.1,1.1,67.6,1.1,3.7,0.5,29480,2109,59.1,4.8,50.4,4.5,9.6,3.7,41195,2379,79.1,3.8,71.5,4.0,5.4,2.1,133767,2088,87.4,1.5,82.9,1.7,3.9,0.8,82898,1326,86.5,2.0,84.7,2.0,2.0,0.7,62726,854,68.6,2.8,66.7,2.9,2.8,1.2,33667,911,28.2,3.3,27.1,3.3,3.9,2.8,29198,491,9.0,2.8,9.0,2.8,0.0,5.7,N,N,N,N,N,N,N,N,383812,2166,71.5,1.1,68.1,1.2,3.5,0.5,N,N,N,N,N,N,N,N,N,N,N,N,N,N,N,N,N,N,N,N,N,N,N,N,N,N,N,N,N,N,N,N,N,N,N,N,N,N,N,N,N,N,N,N,N,N,N,N,25132,1379,72.5,4.1,66.3,4.1,5.8,2.7,368544,1032,71.3,1.0,68.1,1.2,3.4,0.5,320586,2426,82.4,1.2,78.7,1.4,3.3,0.5,164372,2402,87.3,1.2,82.9,1.6,3.0,0.7,156214,1385,77.3,2.0,74.3,2.0,3.7,0.8,24244,2406,68.6,5.0,66.5,5.0,3.1,2.3,24721,3227,54.7,4.8,46.2,5.2,15.5,5.0,42201,3311,56.8,3.8,51.1,3.8,10.2,3.1,279391,2109,82.9,1.2,79.8,1.3,3.1,0.5,19885,2553,72.6,5.0,67.2,4.9,7.3,3.0,85568,4299,80.4,2.1,76.8,2.3,3.7,0.9,106156,3854,83.8,1.9,80.9,2.1,2.7,1.0,67782,4108,87.8,2.1,85.6,2.3,1.9,1.1,1.5,(X),(X),(X),(X),(X),(X),(X)
0400000US72,72,Puerto Rico,3061766,2903,46.1,0.5,38.7,0.5,16.0,0.5,240129,4614,18.5,1.3,8.3,0.7,55.2,3.1,282355,3360,53.0,1.6,37.1,1.4,30.1,1.7,1080667,1868,70.1,0.8,59.7,1.0,14.7,0.8,499791,*****,57.1,1.1,50.7,1.0,11.3,0.9,435931,*****,31.9,1.0,29.3,1.0,8.2,1.1,294961,517,9.8,0.7,9.3,0.7,5.5,1.9,227932,519,2.6,0.4,2.5,0.4,4.6,3.5,N,N,N,N,N,N,N,N,2325831,16383,44.4,0.5,37.7,0.5,15.0,0.6,224265,9095,50.6,1.8,40.9,1.8,19.1,2.2,7038,1279,41.9,8.6,33.3,8.3,20.5,9.5,N,N,N,N,N,N,N,N,N,N,N,N,N,N,N,N,364081,12358,52.4,1.5,41.6,1.5,20.6,1.5,132063,6746,49.7,2.5,42.6,2.4,14.4,2.3,3017255,5163,46.0,0.5,38.6,0.5,16.1,0.5,35353,2887,53.6,4.1,47.0,4.1,11.8,4.4,2298744,3058,57.9,0.6,49.2,0.6,15.0,0.5,1093959,1834,65.3,0.8,55.3,0.9,15.1,0.7,1204785,2170,51.3,0.7,43.7,0.8,14.9,0.7,161405,5243,59.8,2.0,49.5,2.0,17.2,1.9,938164,16067,40.0,0.9,26.2,0.7,34.5,1.2,545913,10603,27.4,1.1,22.0,1.0,20.0,1.8,2016389,1868,58.6,0.6,50.9,0.6,13.1,0.5,525277,10460,34.6,1.1,25.6,1.0,25.8,1.5,554932,9694,55.3,1.2,46.5,1.2,15.9,1.3,450945,11107,68.4,1.1,60.2,1.2,11.9,1.0,485235,10508,79.4,0.8,74.7,1.0,5.8,0.6,2.1,(X),(X),(X),(X),(X),(X),(X)
